EJE DE MOTO CL. 8.8 PAVONADO,,,,,,,,
DESCRIPCIÓN,"CÓDIGO
SOLO","P. V.
SOLO","CÓDIGO
COMPLETO","P. V.
COMPLETO",EMP.,ROSCA,"LARGO
(mm.)","Ø EJE
(mm.)"
Delantero C50 / 70,BM600114,$1.29,BM605114,$0.06,100 JGO,M 10 X 1.25,162,10
Delantero CB / CG,BM600115,$1.98,BM605115,$2.09,100 JGO,M 12 X 1.25,190,12
Delantero XL / GL,BM600116,$2.05,BM605116,$2.14,100 JGO,M 12 X 1.25,210,12
Posterior C50 / 70,BM600216,$2.05,BM605216,$2.14,100 JGO,M 12 X 1.25,210,12
Posterior CB / CG,BM600219,$3.14,BM605219,$3.27,100 JGO,M 14 X 1.50,235,15
Posterior XL,BM600221,$3.40,BM605221,$3.54,100 JGO,M 14 X 1.50,255,15
Posterior GL,BM600220,$3.65,BM605220,$3.75,100 JGO,M 14 X 1.50,280,15
Posterior GY (CHINA),BM600222,$3.91,BM605222,$4.04,100 JGO,M 14 X 1.50,300,15
Posterior HONDA Tornado,BM600223,$4.60,BM605223,$0.15,100 JGO,M 16 X 1.50,305,17
Trapecio C50 / 70,BM600310,$1.62,BM605310,$0.06,100 JGO,M 10 X 1.25,250,10
Trapecio HEROS,BM600312,$1.68,BM605312,$0.06,100 JGO,M 10 X 1.25,265,10
Trapecio LIFAM / LS 100-A,BM600314,$1.81,BM605314,$0.06,100 JGO,M 10 X 1.25,295,10
Trapecio XL 185 / XL CHINA,BM600316,$2.14,BM605316,$2.21,100 JGO,M 12 X 1.25,229,12
Trapecio CB / CG,BM600320,$2.31,BM605320,$2.40,100 JGO,M 12 X 1.25,254,12
Trapecio GL,BM600318,$2.40,BM605318,$2.47,100 JGO,M 12 X 1.25,270,12
Trapecio CG Evolution,BM600322,$3.01,BM605322,$3.14,100 JGO,M 14 X 1.50,257,14
PRECIO DE VENTA POR PIEZA (INCLUYE IGV),,,,,,,,
BOCINA DE EJE C/PESTAÑA,,,,,,
DESCRIPCIÓN,CÓDIGO,P. V.,EMP.,"Ø EXT.
(mm.)","Ø INT.
(mm.)","LARGO
(mm.)"
C/Pestaña Evolution 22.3 Chasis TITA,BM070210,$0.93,100 PZA,22.30,14,25
C/Pestaña Evolution 26.0 Trapecio,BM070212,$1.24,100 PZA,26.00,14,25
Trapecio C/Pestaña 22.5 x 25,BM070214,$0.93,100 PZA,22.50,12,25
Trapecio C/Pestaña 23.0 x 25,BM070216,$0.93,100 PZA,23.00,12,25
Trapecio C/Pestaña 23.5 x 25,BM070218,$0.93,100 PZA,23.50,12,25
Trapecio C/Pestaña 24.0 x 25,BM070220,$0.93,100 PZA,24.00,12,25
Trapecio C/Pestaña XL 23.0,BM070222,$1.31,100 PZA,23.00,12,40
Trapecio C/Pestaña XL 24.0,BM070224,$1.31,100 PZA,24.00,12,40
PRECIO DE VENTA POR PIEZA (INCLUYE IGV),,,,,,
BUJE Y EJE DE PEDAL,,,,,
DESCRIPCIÓN,CÓDIGO,P. V.,EMP.,"Ø EXT.
(mm.)","LARGO
(mm.)"
Eje Pedal de Freno c/Pasador,BM095220,$0.04,100 PZA,16.50,157.50
"Buje de Bocamaza CG 3/8"" completo",BM095224,$0.13,100 JGO,24.00,17.00
"Buje de Bocamaza GL 3/8"" completo",BM095228,$0.13,100 PZA,28.00,19.80
PRECIO DE VENTA POR PIEZA (INCLUYE IGV),,,,,
PERNO TAPA MOTOR H8,,,
DESCRIPCIÓN,CÓDIGO,P. V.,EMP.
M6 x 1.00 x 22,BM120622,$9.11,46 CTO
M6 x 1.00 x 25,BM120625,$9.74,42 CTO
M6 x 1.00 x 32,BM120632,$11.25,31 CTO
M6 x 1.00 x 37,BM120637,$12.25,25 CTO
M6 x 1.00 x 40,BM120640,$13.00,24 CTO
M6 x 1.00 x 45,BM120645,$14.36,20 CTO
M6 x 1.00 x 50,BM120650,$15.36,21.5 CTO
M6 x 1.00 x 55,BM120655,$16.46,16 CTO
M6 x 1.00 x 60,BM120660,$17.51,15 CTO
PRECIO DE VENTA POR PIEZA (INCLUYE IGV),,,
PERNO HEXAGONAL MÉTRICO RC - CL. 5.8 TROPICALIZADO,,,,,,
,,M2205,M2206,M2208,M2210,E2212
CÓD.,LARGO,Ø M5,Ø M6,Ø M8,Ø M10,Ø M12
02,10,$1.89,$2.27,,,
,,100 CTO,60 CTO,,,
03,15,$2.45,$2.68,$5.48,,
,,77 CTO,50 CTO,25 CTO,,
04,20,$2.66,$3.04,$5.99,,
,,68 CTO,43 CTO,21 CTO,,
05,25,$3.25,$3.52,$7.17,,
,,55.5 CTO,37.5 CTO,18.5 CTO,,
06,30,$3.88,$3.94,$8.00,$12.72,$68.05
,,50 CTO,33.5 CTO,17 CTO,9.5 CTO,1.9 CTO
07,35,$4.27,$4.35,$8.41,$14.40,
,,43 CTO,29 CTO,15 CTO,8.8 CTO,
08,40,$4.83,$4.87,$9.19,$16.05,$77.36
,,39 CTO,27 CTO,13.5 CTO,8 CTO,1.7 CTO
10,50,$5.62,$5.62,$10.79,$17.65,$89.60
,,30 CTO,20 CTO,11 CTO,6 CTO,1.42 CTO
12,60,,$6.56,$12.24,$20.07,$103.82
,,,16 CTO,10 CTO,6 CTO,1.2 CTO
14,70,,,$14.36,,$118.60
,,,,7 CTO,,1.05 CTO
16,80,,,$16.31,,$133.80
,,,,7 CTO,,0.9 CTO
20,100,,,$19.23,,$156.23
,,,,6.5 CTO,,0.8 CTO
PRECIO DE VENTA POR CIENTO (INCLUYE IGV),,,,,,
TUERCA HEXAGONAL MÉTRICA RF,,,,
,,CL. 8.8,"SEG.
NYLON","SOMBRERO
(T/FLANGE)
CL. 5.8"
CÓD.,ROSCA,M0502,M0102,BM3200
08,M 8 X 1.00,$2.86,,
10,M10 X 1.25,$5.16,$7.27,
5212/12,M12 X 1.25,$7.71,$11.15,$60.98
12,M12 X 1.50,$7.71,$11.15,$60.98
14,M14 X 1.50,$10.94,$15.72,$80.16
16,M16 X 1.50,$14.74,$20.91,
18,M18 X 1.50,$20.72,$33.48,
19,M19 X 1.50,,,
20,M20 X 1.50,,$41.18,
22,M22 X 1.50,,$52.47,
PRECIO DE VENTA POR CIENTO (INCLUYE IGV),,,,
PERNO ZAPATA PULGADA UNF,,,,,
Ø,,LARGO,CÓDIGO,P. V.,EMP.
"1/2""",x,"1 1/2""",C8H7504,$92.70,2.5 CTO
"9/16""",x,"1 3/4""",C4K7038,$124.44,2 CTO
"5/8""",x,"2 3/32""",C7H3597,$143.48,1.1 CTO
,x,"2 5/32""",C9G3110,$150.76,1.1 CTO
"3/4""",x,"2 5/32""",C1S1859,$214.56,1 CTO
,x,2 13/32”,C6V1792,$238.01,0.6 CTO
,x,"2 3/8""",C7H3598,$232.93,1 CTO
"7/8""",x,"2 21/32""",C7H3599,$293.96,0.45 CTO
,x,"3 27/64""",C6V1723,$343.14,0.3 CTO
1”,x,"2 15/16""",C2M5657,$459.04,0.3 CTO
PRECIO DE VENTA POR CIENTO (INCLUYE IGV),,,,,
PERNO ZAPATA MÉTRICO RF,,,,,,,
Ø,,P,,LARGO,CÓDIGO,P. V.,EMP.
M16,x,1.50,x,57,C0K1120,$140.66,1.1 CTO
M18,x,1.50,x,57,C0F4259,$189.61,0.8 CTO
M20,x,1.50,x,60,C0F5814,$227.22,0.8 CTO
M20,x,1.50,x,63,C6Y0846,$249.56,0.5 CTO
M22,x,1.50,x,66,C6Y9024,$321.76,0.5 CTO
M24,x,1.50,x,76.2,C0K1210,$454.48,0.3 CTO
PRECIO DE VENTA POR CIENTO (INCLUYE IGV),,,,,,,
PERNO SEGMENTO PULGADA UNF,,,,,
Ø,,LARGO,CÓDIGO,P. V.,EMP.
5/8”,x,"1 7/8""",C3S8182,$128.42,1.5 CTO
3/4”,x,2 3/8”,C3S0336,$237.60,0.65 CTO
3/4”,x,"2 5/8""",C5P4130,$248.78,0.7 CTO
7/8”,x,"2 9/16""",C3S7837,$358.79,0.5 CTO
7/8”,x,"2 9/16"" PESADO",C9S2727,$403.49,0.4 CTO
PRECIO DE VENTA POR CIENTO (INCLUYE IGV),,,,,
PERNO CUCHILLA PULGADA UNF,,,,,
Ø,,LARGO,CÓDIGO,P. V.,EMP.
1/2”,x,"1 1/2""",C4F3646,$66.36,3 CTO
,x,"2""",C4F3649,$81.87,3 CTO
,x,"2 1/2""",C4F3651,$90.80,1.75 CTO
5/8”,x,"1 3/4""",C4F3653,$88.89,2 CTO
,x,"2""",C4F3654,$94.80,2 CTO
,x,"2 1/4""",C3F5108,$104.03,1.5 CTO
,x,"2 1/2""",C4F3656,$114.57,2.15 CTO
,x,"2 3/4""",C4F3657,$124.54,1.2 CTO
,x,"3""",C4F3658,$136.21,1 CTO
,x,"3 1/2""",C4F3665,$154.66,1 CTO
,x,"4""",C4F3671,$178.22,0.7 CTO
3/4”,x,"2 1/4""",C4F7827,$142.07,1.2 CTO
,x,"2 1/2""",C5J4773,$148.94,1.25 CTO
,x,"2 3/4""",C5J4771,$160.02,0.8 CTO
,x,"3""",C1J0961,$172.08,0.8 CTO
,x,"3 1/8""",C1J6762,$185.67,1.5 CTO
,x,"4""",C1J0962,$252.74,0.55 CTO
,x,"4 1/2""",C4F0253,$275.09,0.4 CTO
7/8”,x,"2 1/2""",C5J4772,$225.90,0.65 CTO
,x,"2 3/4""",C6F0196,$237.06,0.6 CTO
,x,"3""",C5J2409,$236.81,0.55 CTO
,x,"3 1/4""",C8J2935,$261.04,0.5 CTO
,x,"3 1/2""",C2J2548,$275.11,0.45 CTO
,x,"4 1/4""",C2J5458,$335.16,0.35 CTO
,x,"4 1/2""",C1J0849,$368.56,0.3 CTO
1”,x,"3""",C4F4042,$296.60,0.4 CTO
,x,"3 1/2""",C4J9208,$333.55,0.35 CTO
,x,"3 3/4""",C8J2928,$401.84,0.5 CTO
,x,"4""",C5P8136,$380.92,0.3 CTO
,x,"4 1/2""",C1J3527,$417.57,0.2 CTO
1 1/4”,x,"3 3/4""",C6V6535,$690.45,0.15 CTO
,x,5”,C5P8361,$873.34,0.28 CTO
PRECIO DE VENTA POR CIENTO (INCLUYE IGV),,,,,
TUERCA DE LUJO STANDARD,,,,,,,
CÓDIGO,DESCRIPCIÓN,ROSCA,"HEX
(mm.)","H
(mm.)","EMP.
(uds.)",CAJA,P. V.
A030032,TOYOTA,M12 x 1.50,21,35,25,250 PZA,$0.60
A030036,NISSAN,M12 x 1.25,21,35,25,250 PZA,$0.63
A030026,FORD,"1/2"" - 20 UNF",21,35,25,250 PZA,$0.60
A030028,CHEVROLET,"7/16"" - 20 UNF",21,35,25,250 PZA,$0.92
A030034,TOYOTA,M12 x 1.50,19,32,25,250 PZA,$0.55
A030038,NISSAN,M12 x 1.25,19,32,25,300 PZA,$0.55
A030044,HYUNDAI / KIA,M14 x 1.50,21,35,25,250 PZA,$0.70
PRECIO DE VENTA POR UNIDAD (INC. IGV),,,,,,,
TUERCA ARO DE MAGNESIO STANDARD,,,,,,,
CÓDIGO,DESCRIPCIÓN,ROSCA,"HEX
(mm.)","H
(mm.)","EMP.
(uds.)",CAJA,P. V.
A031232,TOYOTA,M12 x 1.50,21,42,25,200 JGO,$1.01
A031236,NISSAN,M12 x 1.25,21,42,25,300 JGO,$1.01
A031226,FORD,"1/2"" - 20 UNF",21,42,25,200 JGO,$1.38
A031228,CHEVROLET,"7/16"" - 20 UNF",21,42,25,400 JGO,$1.37
PRECIO DE VENTA POR UNIDAD (INC. IGV),,,,,,,
TUERCAS DE RUEDA CÓNICAS - LÍNEA LIVIANA,,,,,,,
CÓDIGO,DESCRIPCIÓN,ROSCA,"HEX
(mm.)","H
(mm.)","EMP.
(uds.)",CAJA,P. V.
A010032/31,TOYOTA AUTO CINCADA/PAVONADA,M12 X 1.50,13/16”,16,25,600 PZA,$0.20
A010036/37,DATSUN AUTO CINCADA/PAVONADA,M12 X 1.25,13/16”,16,25,600 PZA,$0.21
A010052/53,"TOYOTA HIACE DUAL, HYUNDAI PORTER
R/L",M14 X 1.50,7/8”,22,25,400 PZA,$0.83
A010050/51,"KIA BESTA, ASIA TOPIC R/L",M12 X 1.50,13/16”,16,25,600 PZA,$0.31
A010035,TOYOTA HI-LUX,M12 X 1.50,13/16”,16,25,600 PZA,$0.20
A010038/39,NISSAN JUNIOR R/L,M14 X 1.50,15/16”,20,25,600 PZA,$0.86
A010054,TICO REFORZADA,M10 X 1.25,17,20,25,500 PZA,$0.57
A010033/34,TOYOTA STOUT R/L,M16 X 1.50,1 1/4”,20,25,360 PZA,$1.57
A010040,HILLMAN AUTO,"7/16"" - 20 UNF","3/4""",18,25,600 PZA,$0.35
A010010/11,D-500 R/L,3/4 - 16 UNF,1 1/16”,23,25,,$0.91
A010012/13,D-300 R/L,5/8 - 18 UNF,1 1/16”,21,25,480 PZA,$1.07
A010014/15,D-100 R,1/2 - 20 UNF,7/8”,16,25,750 PZA,$0.74
A010022/23,F-350 R,9/16 - 18 UNF,1”,20,25,480 PZA,$0.94
A010026,FORD/ DODGE AUTO R,1/2 - 20 UNF,"3/4""",14.5,25,1500 PZA,$0.19
A010024,FORD 13/16” – FORD 100,1/2 - 20 UNF,13/16”,16,25,600 PZA,$0.33
A010025,CHEVROLET CAMIONETA DEL/POST,1/2 - 20 UNF,13/16”,16,25,600 PZA,$0.33
A010028,CHEVROLET AUTO MODERNO,7/16 - 20 UNF,"3/4""",14.50,25,1000 PZA,$0.37
PRECIO DE VENTA POR UNIDAD (INC. IGV),,,,,,,
PERNO CHUPÓN R/L,,,,,,
CÓDIGO,DESCRIPCIÓN,"ROSCA
INTERNA","ROSCA
EXTERNA","EMP.
(uds.)",CAJA,P. V.
A072010/11,"VOLVO, FORD, INTERNATIONAL, MACK","3/4"" - 16 UNF","1 1/8"" - 16",5,120 PZA,$2.55
A075120/21,"FUSO CANTER, FUSO ROSA, ASIA",M19 x 1.50,M28 x 1.50,5,140 PZA,$2.29
A075110/11,"FUSO, TOYOTA COASTER, DYNA, ISUZU
NPR, NISSAN CONDOR, HINO, ASIA
COSMOS",M20 x 1.50,M30 x 1.50,5,140 PZA,$2.80
A075124/25,MAZDA,M18 x 1.50,M27 x 1.50,5,140 PZA,$2.40
A075130/31,NISSAN CIVILIAN,M18 x 1.50,M25 x 1.50,5,160 PZA,$2.30
A075132/33,"ISUZU, ASIA COMBI",M16 x 1.50,M25 x 1.50,5,100 PZA,$2.18
PRECIO DE VENTA POR UNIDAD (INC. IGV),,,,,,
TUERCA DE RUEDA LÍNEA PESADA,,,,,,,
CÓDIGO,DESCRIPCIÓN,ROSCA,"HEX
(mm.)","H
(mm.)","EMP.
(uds.)",CAJA,P. V.
A010012/13,TUERCA CÓNICA,"5/8"" UNF R/L",27,22,25,480 PZA,$1.07
A010010/11,TUERCA CÓNICA,"3/4"" UNF R/L",27,23,25,,$0.91
A010033/34,TUERCA CÓNICA,M16 X 1.50 R/L,32,20,25,360 PZA,$1.57
A310850,TUERCA CÓNICA,M18 X 1.50,30,27,5,200 PZA,$1.97
A010818/19,TUERCA DELANTERA,"3/4"" UNF R/L",38,24,25,100 PZA,$1.48
A074032/33,TUERCA DELANTERA,M16 X 1.50 R/L,35,22,5,150 PZA,$1.44
A074030/31,TUERCA DELANTERA,M18 X 1.50 R/L,35,22,5,150 PZA,$1.39
A070416/17,TUERCA DELANTERA,M18 X 1.50 R/L,41,25,5,150 PZA,$2.12
A074020/21,TUERCA DELANTERA,M19 X 1.50 R/L,38,25,5,125 PZA,$1.78
A310032/33,TUERCA DELANTERA,M20 X 1.50 R/L,41,25,5,125 PZA,$1.59
A072110/11,TUERCA CHUPÓN P.,"1 1/8"" UNF R/L",38,23,5,200 PZA,$2.04
A075030/31,TUERCA CHUPÓN P.,M25 X 1.50 R/L,35,23,5,100 PZA,$1.32
A075014/15,TUERCA CHUPÓN P.,M27 X 1.50 R/L,41,25,5,100 PZA,$2.11
A075020/21,TUERCA CHUPÓN P.,M28 X 1.50 R/L,38,25,5,200 PZA,$1.51
A075010/11,TUERCA CHUPÓN P.,M30 X 1.50 R/L,41,25,5,150 PZA,$1.55
A310030/31,TUERCA CÓNICA P.,M22 X 2.50 R/L,38,30,5,150 PZA,$1.73
A310230/31,TUERCA CÓNICA P.,M22 X 2.50 R/L,41,30,5,100 PZA,$2.11
A310040/41,TUERCA CÓNICA P.,M24 X 2.50 R/L,41,34,5,100 PZA,$2.09
A310113,TUERCA SOMBRERO/ FLANGE,"3/4"" UNC",27,25,5,200 PZA,$1.07
A310308,TUERCA SOMBRERO/ FLANGE,M18 X 1.50,24,21,5,200 PZA,$0.48
A310112,TUERCA SOMBRERO/ FLANGE,M18 X 1.50,27,22,5,350 PZA,$0.99
A310111,TUERCA SOMBRERO/ FLANGE,M18 X 2.00,27,25,5,200 PZA,$0.94
A310309,TUERCA SOMBRERO/ FLANGE,M20 X 1.50,27,25,5,240 PZA,$0.94
A310310,TUERCA SOMBRERO/ FLANGE,M20 X 1.50,30,25,5,200 PZA,$0.94
A310060,TUERCA SOMBRERO/ FLANGE,M20 X 2.00,27,25,5,200 PZA,$0.93
A310110,TUERCA SOMBRERO/ FLANGE,M20 X 2.00,27,25,5,150 PZA,$1.03
A310312,TUERCA SOMBRERO/ FLANGE,M22 X 1.50,30,25,5,150 PZA,$0.99
A310510,TUERCA CAMPANA,"3/4"" UNF",29,35,5,100 PZA,$1.73
A310514,TUERCA CAMPANA,"7/8"" UNF",32,35,5,100 PZA,$1.63
A310517,TUERCA CAMPANA,"7/8"" UNF",32,30,5,80 PZA,$1.70
A310540,TUERCA CAMPANA,"7/8""-11",32,32,5,125 PZA,$1.57
A310544/45,TUERCA CAMPANA,"7/8""-11 R/L",32,32,5,100 JGO,$1.57
A310550,TUERCA CAMPANA,M18 X 1.50,27,27,5,150 PZA,$1.48
A310530,TUERCA CAMPANA,M20 X 1.50,30,30,5,125 PZA,$1.58
A310532,TUERCA CAMPANA,M22 X 1.50,32,32,5,125 PZA,$1.78
A310520/21,TUERCA CAMPANA,M22 X 1.50 R/L,33,32,5,100 PZA,$1.72
A310336,TUERCA CAMPANA,M22 X 2.00 R/L,32,35,5,100 PZA,$1.92
PRECIO DE VENTA POR UNIDAD (INC. IGV),,,,,,,
TUERCAS DE RUEDA,,,,,,,
CÓDIGO,DESCRIPCIÓN,ROSCA,"HEX
(mm.)","H
(mm.)","EMP.
(uds.)",CAJA,P. V.
A310308,TCA. SOMBRERO,M18 X 1.50,24,21,5,200 PZA,$0.48
A310309,TCA. SOMBRERO,M20 X 1.50,27,25,5,240 PZA,$0.94
A310310,TCA. SOMBRERO,M20 X 1.50,30,25,5,200 PZA,$0.94
A310312,TCA. SOMBRERO,M22 X 1.50,30,25,5,150 PZA,$0.99
A310550,TCA. CAMPANA,M18 X 1.50,27,27,5,150 PZA,$1.48
A310530,TCA. CAMPANA,M20 X 1.50,30,30,5,125 PZA,$1.58
A310532,TCA. CAMPANA,M22 X 1.50,32,32,5,125 PZA,$1.78
PRECIO DE VENTA POR UNIDAD (INC. IGV),,,,,,,
TUERCAS RANURADAS MÉTRICAS GR.8,,,,,,
CÓDIGO,ROSCA,"HEX
(mm.)","H
(mm.)","EMP.
(uds.)",CAJA,P. V.
A111011,M10 x 1.25,17,,25,2000 PZA,$0.22
A111012,M12 x 1.25,19,,25,1200 PZA,$0.35
A111013,M12 x 1.50,19,,25,1200 PZA,$0.35
A111015,M14 x 1.50,22,,25,1000 PZA,$0.52
A111016,M16 x 1.25,24,,25,700 PZA,$0.67
A111017,M16 x 1.50,24,,25,700 PZA,$0.67
A111019,M18 x 1.50,27,,25,400 PZA,$0.98
A111020,M20 x 1.50,30,,25,200 PZA,$1.26
A111022,M22 x 1.50,32,,25,150 PZA,$1.50
A111024,M24 x 1.50,36,,25,100 PZA,$2.02
A111027,M27 x 1.50,41,,25,PZA,$2.87
A111030,M30 x 1.50,46,,25,PZA,$4.05
PRECIO DE VENTA POR UNIDAD (INC. IGV),,,,,,
TUERCAS PIÑON DE ATAQUE,,,,,,
CÓDIGO,ROSCA,"HEX
(mm.)","H
(mm.)","EMP.
(uds.)",CAJA,P. V.
A131016,M16 X 1.00,15/16”,,25,500 PZA,$1.81
A131018,M18 X 1.00,15/16”,,25,300 PZA,$1.33
A131020,M20 X 1.00,30 mm.,,25,150 PZA,$2.09
A131022,M22 X 1.00,30 mm.,,25,80 PZA,$2.51
A130035,M16 X 1.50,15/16”,,25,500 PZA,$1.90
A130045,M16 X 1.50,15/16”,,25,500 PZA,$2.30
A130041,M19 X 1.50,1 1/8”,,25,400 PZA,$2.28
A130037,M18 X 1.50,15/16”,,25,450 PZA,$1.50
A130038,M20 X 1.50,30 mm.,,25,400 PZA,$2.24
A130039,M22 X 1.50,30 mm.,,25,320 PZA,$2.61
PRECIO DE VENTA POR UNIDAD (INC. IGV),,,,,,
TUERCA DE FUNDA,,,,,,,,
CÓDIGO,ROSCA,"HEX
(mm.)","H
(mm.)","EMP.
(uds.)",CAJA,P. V.,MARCA,MODELO
A260010,"2""- 16",65,,3,180 PZA,$5.79,DODGE,D-300
A260014,"2 1/2""- 12",82,,3,60 PZA,$11.38,DODGE,D-500
A260020,"2 1/2""- 16",90,,3,50 PZA,$15.22,FORD,F-600 ANT.
A260022,2 5/8”-16,90,,3,45 PZA,$15.15,FORD,F-600 MOD.
A260026,3 1/4”-12,100,,3,50 PZA,$14.01,"VOLVO/
DODGE","FM/FH/FMX,
D-800"
A260028/29,M52 X 1.50,65,,3,180 PZA,$5.84,FUSO,CANTER
A260032,M42 X 1.50,55,,3,320 PZA,$3.20,TOYOTA,HILUX
A260030/31,M40 X 1.50,2 1/4”,,3,192 PZA,$5.61,KIA,BESTA
PRECIO DE VENTA POR UNIDAD (INC. IGV),,,,,,,,
,,,,,,,Imagen referencial,
TUERCAS ALTAS DE MUELLE EN PULGADAS,,,,,,,,
CÓDIGO,ROSCA,"HEX
(mm.)","H
(mm.)","EMP.
(uds.)",CAJA,"P. V.
GR. 2",,"P. V.
GR. 8"
A092006/0006,"3/8"" - 24 UNF",14.20,,25,2400 PZA,$0.06,,$0.07
A092007/0007,"7/16"" - 20 UNF",17.20,,25,700 PZA,$0.12,,$0.17
A092008/0008,"1/2"" - 20 UNF",19.00,,25,700 PZA,$0.13,,$0.18
A092009/0009,"9/16"" - 18 UNF",21.90,,25,700 PZA,$0.22,,$0.30
A092010/0010,"5/8"" - 18 UNF",24.00,,25,450 PZA,,,$0.34
A092012/0012,"3/4"" - 16 UNF",26.50,,25,300 PZA,,,$0.57
A092014/0014,"7/8"" - 14 UNF",31.40,,25,150 PZA,,,$0.83
A092018/0018,"1"" - 12 UNF",38.00,,25,200 PZA,,,$1.62
A092208/0208,"1/2"" - 13 UNC",19.00,,25,700 PZA,,,$0.18
A092209/0209,"9/16"" - 12 UNC",22.00,,25,500 PZA,,,$0.35
A092210/0210,"5/8"" - 11 UNC",24.00,,25,350 PZA,,,$0.34
A092212/0212,"3/4"" - 10 UNC",28.00,,25,300 PZA,,,$0.61
A092214/0214,"7/8"" - 9 UNC",31.40,,25,150 PZA,,,$0.83
A092216/0216,"1"" - 8 UNC",37.20,,25,140 PZA,,,$1.62
PRECIO DE VENTA POR UNIDAD (INC. IGV),,,,,,,,
TUERCA ARTILLERA,,,,,,
CÓDIGO,ROSCA,"HEX
(mm.)","H
(mm.)","EMP.
(uds.)",CAJA,P. V.
A150010,5/8”,26.98,17.46,25,250 PZA,$0.76
A150012,3/4”,31.75,21,25,100 PZA,$0.97
PRECIO DE VENTA POR UNIDAD (INC. IGV),,,,,,
CONOS DE BOCAMAZA EN PULGADAS,,,,
CÓDIGO,MEDIDA,"EMP.
(uds.)",CAJA,P. V.
A170005,5/16”,25,1000 PZA,$0.89
A170006,3/8”,25,500 PZA,$1.14
A170007,7/16”,25,500 PZA,$0.41
A170008,"1/2""",25,500 PZA,$0.45
A170009,9/16”,25,500 PZA,$0.57
A170010,5/8”,25,500 PZA,$0.79
A170012,"3/4""",25,500 PZA,$1.12
PRECIO DE VENTA POR UNIDAD (INC. IGV),,,,
RODILLO DE ZAPATA MÉTRICOS,,,,,,,
CÓDIGO,"L. RODILLO
(mm.)","DIÁM.
(mm.)","L. TOTAL
(mm.)","EMP.
(uds.)",CAJA,P. V.,APLICACIÓN
R20M0032,32,32,58,10,PZA,$7.46,
R20M0035,32,35,58,10,PZA,$7.78,
R20M0038,32,38,58,10,PZA,$9.02,
R20M0040,32,40,58,10,PZA,$9.66,
R20M0042,32,42,58,10,PZA,$10.34,
R20M0045,32,45,58,10,PZA,$12.17,
R21M0038,31,38,60,10,PZA,$9.07,"HOWO, SHACMAN, CAMC"
R21M0040,31,40,60,10,PZA,$9.74,"HOWO, SHACMAN, CAMC"
R21M0042,31,42,60,10,PZA,$10.48,"HOWO, SHACMAN, CAMC"
R21M0044,31,44,60,10,PZA,$10.73,"HOWO, SHACMAN, CAMC"
R21M0046,31,46,60,10,PZA,$12.40,"HOWO, SHACMAN, CAMC"
PRECIO DE VENTA POR UNIDAD (INC. IGV),,,,,,,
PERNO DE CARDAN MÉTRICO,,,,,
CÓDIGO,ROSCA,"L
(mm.)","EMP.
(uds.)",CAJA,P. V.
A391032,M10 X 1.25,32,250,9.25 CTO,$30.27
A391035,M10 X 1.25,35,250,8.6 CTO,$37.35
A391038,M10 X 1.25,38,250,"0.068
CTO",$37.57
A391238,M12 X 1.50,38,250,5.6 CTO,$53.17
A391447,M14 X 1.50,47,250,,
PRECIO DE VENTA POR UNIDAD (INC. IGV),,,,,
,,,,,,,,,,,Imagen referencial,
PASADOR DE FIERRO PARA HORQUILLA,,,,,,,,,,,,
LARGO,Ø,"1/8""",,"5/32""",,"3/16""",,"1/4""",,"5/16""",,
,CÓD.,E7001,"EMP.
(uds.)",E7001,"EMP.
(uds.)",E7003,"EMP.
(uds.)",E7004,"EMP.
(uds.)",E7005,,"EMP.
(uds.)"
"1""",04,$1.75,"10,000",$1.75,"10,000",$4.55,"5,000",,,,,
"1 1/2""",06,$2.20,"10,000",$2.20,"10,000",$4.96,"4,000",$8.74,"2,200",,,
"2""",08,$2.81,"10,000",$2.81,"10,000",$6.83,"3,500",$9.12,"1,800",,,
"2 1/2""",10,,,,,$6.51,"2,200",$13.64,"1,550",,,
"3""",12,,,,,,,$14.00,"1,200",,,
"3 1/2""",14,,,,,,,,,$28.85,,950
"4""",16,,,,,,,,,$31.46,,755
PRECIO DE VENTA POR CIENTO (INC. IGV),,,,,,,,,,,,
PERNO TEMPLADOR CL 10.9,,,,,
CÓDIGO,ROSCA,"L
(mm.)","EMP.
(uds.)",CAJA,P. V.
AE0E000001,M12 X 1.25,160,10,PZA,$2.56
AE0E000002,M12 X 1.25,180,10,PZA,$2.61
AE0E000003,M12 X 1.25,200,10,PZA,$2.91
AE0E000004,M12 X 1.50,160,10,PZA,$1.99
AE0E000005,M12 X 1.50,180,10,PZA,$2.56
AE0E000006,M12 X 1.50,200,10,PZA,$2.87
AE0E000008,M14 X 1.50,180,10,PZA,$3.22
AE0E000009,M14 X 1.50,200,10,PZA,$3.41
AE0E000010,M14 X 1.50,225,10,PZA,$3.50
AE0E000011,M16 X 1.50,200,5,PZA,$4.74
AE0E000012,M18 X 1.50,200,5,PZA,$5.05
AE0E000015,M18 X 1.50,300,5,,
AE0E000016,M18 X 1.50,320,5,,
AE0E000013,M20 X 1.50,200,5,PZA,$6.48
PRECIO DE VENTA POR UNIDAD (INC. IGV),,,,,
PERNO CENTRAL CABEZA BAJA UNF GR.5,,,,,,,,
CÓDIGO,MEDIDA,"EMP.
(uds.)",CAJA,P. V.,CÓDIGO,EMP. (uds.),CAJA,P. V.
A255505,5/16” X 2 1/2”,10,PZA,$0.26,A259505,,PZA,$0.26
A255506,5/16” X 3”,10,680 PZA,$0.27,A259506,,680 PZA,$0.27
A255606,3/8” X 3”,10,500 PZA,$0.38,A259606,10,500 PZA,$0.38
A255608,3/8” X 4”,10,370 PZA,$0.47,A259608,10,370 PZA,$0.47
A255610,3/8” X 5”,10,320 PZA,$0.59,A259610,10,320 PZA,$0.59
A255612,3/8” X 6”,10,250 PZA,$0.70,A259612,10,250 PZA,$0.70
A255616,3/8” X 8”,10,240 PZA,$0.90,A259616,10,240 PZA,$0.90
A255708,7/16” X 4”,10,260 PZA,$0.60,A259708,10,260 PZA,$0.60
A255710,7/16” X 5”,10,270 PZA,$0.72,A259710,10,270 PZA,$0.72
A255712,7/16” X 6”,10,200 PZA,$0.84,A259712,10,200 PZA,$0.84
A255716,7/16” X 8”,10,170 PZA,$1.07,A259716,10,170 PZA,$1.07
A255720,7/16” X 10”,10,140 PZA,$1.32,A259720,10,140 PZA,$1.32
A255808,1/2” X 4”,10,200 PZA,$0.87,A259808,10,200 PZA,$0.87
A255810,1/2” X 5”,10,160 PZA,$1.05,A259810,10,160 PZA,$1.05
A255812,1/2” X 6”,10,160 PZA,$1.09,A259812,10,160 PZA,$1.09
A255816,1/2” X 8”,10,120 PZA,$1.42,A259816,10,120 PZA,$1.42
A255818,1/2” X 9”,10,110 PZA,$1.57,A259818,10,110 PZA,$1.57
A255820,1/2” X 10”,10,95 PZA,$1.72,A259820,10,95 PZA,$1.72
A255824,1/2” X 12”,10,75 PZA,$2.04,A259824,10,75 PZA,$2.04
A255912,9/16” X 6”,10,,,A259912,10,,
A255916,9/16” X 8”,10,100 PZA,$2.12,A259916,10,100 PZA,$2.12
A255920,9/16” X 10”,10,80 PZA,$2.55,A259920,10,80 PZA,$2.55
A255924,9/16” X 12”,10,25 PZA,$3.01,A259924,10,25 PZA,$3.01
A256016,5/8” X 8”,10,80 PZA,$2.60,A2510016,,80 PZA,$2.60
A256020,5/8” X 10”,10,65 PZA,$2.94,A2510020,,65 PZA,$2.94
A256024,5/8” X 12”,10,50 PZA,$3.36,A2510024,,50 PZA,$3.36
PRECIO DE VENTA POR UNIDAD (INC. IGV),,,,,,,,
PERNO CENTRAL CABEZA LARGA UNF GR. 5,,,,,,,,
CÓDIGO,MEDIDA,"EMP.
(uds.)",CAJA,P. V.,CÓDIGO,EMP. (uds.),CAJA,P. V.
A375608,3/8” X 4”,5,400 PZA,$1.09,A3795608,5,400 PZA,$1.09
A375610,3/8” X 5”,5,250 PZA,$1.18,A3795610,5,250 PZA,$1.18
A375612,3/8” X 6”,5,250 PZA,$1.35,A3795612,5,250 PZA,$1.35
A375712,7/16” X 6”,5,180 PZA,$1.39,A3795712,5,180 PZA,$1.39
A375716,7/16” X 8”,5,154 PZA,$1.78,A3795712,5,154 PZA,$1.78
A375812,1/2” X 6”,5,130 PZA,$2.37,A3795812,5,130 PZA,$2.37
A375816,1/2” X 8”,5,90 PZA,$2.89,A3795816,5,90 PZA,$2.89
A375820,1/2” X 10”,5,70 PZA,$3.42,A3795820,5,70 PZA,$3.42
A375824,1/2” X 12”,5,60 PZA,$4.28,A3795824,5,60 PZA,$4.28
A375828,1/2” X 14”,5,80 PZA,$4.47,A3795828,5,80 PZA,$4.47
A375830,1/2” X 15”,5,80 PZA,$4.74,A3795830,5,80 PZA,$4.74
A375916,9/16” X 8”,5,,,A3795916,5,,
A375920,9/16” X 10”,5,,,A3795920,5,,
A375924,9/16” X 12”,5,,,A3795924,5,,
A376016,5/8” X 8”,5,60 PZA,$4.05,A3796016,5,60 PZA,$4.05
A376020,5/8” X 10”,5,60 PZA,$4.93,A3796020,5,60 PZA,$4.93
A376024,5/8” X 12”,5,60 PZA,$5.77,A3796024,5,60 PZA,$5.77
A376028,5/8” X 14”,5,50 PZA,$6.16,A3796028,5,50 PZA,$6.16
PRECIO DE VENTA POR UNIDAD (INC. IGV),,,,,,,,
PERNO CENTRAL MÉTRICO CL 8.8,,,,,,,,
CÓDIGO,MEDIDA,"EMP.
(uds.)",CAJA,P. V.,CÓDIGO,EMP. (uds.),CAJA,P. V.
A378030,M10 X 1.50 X 152,5,200 PZA,$1.12,A379030,5,200 PZA,$1.12
A378040,M10 X 1.50 X 203,5,150 PZA,$1.43,A379040,5,150 PZA,$1.43
A378050,M10 X 1.50 X 254,5,120 PZA,$1.83,A379050,5,120 PZA,$1.83
A378240,M12 X 1.50 X 203,5,100 PZA,$2.41,A379240,5,100 PZA,$2.41
A378250,M12 X 1.50 X 254,5,110 PZA,$2.61,A379250,5,110 PZA,$2.61
A378260,M12 X 1.50 X 304,5,100 PZA,$2.88,A379260,5,100 PZA,$2.88
A378270,M12 X 1.50 X 355,5,80 PZA,$3.63,A379270,5,80 PZA,$3.63
,M16 X 1.50 X 315,,,,,,,
,M16 X 1.50 X 360,,,,,,,
PRECIO DE VENTA POR UNIDAD (INC. IGV),,,,,,,,
PERNO CENTRAL SCANIA CL 10.9 - CORTO,,,,,,,,
CÓDIGO,MEDIDA,"EMP.
(uds.)",CAJA,P. V.,CÓDIGO,EMP. (uds.),CAJA,P. V.
A379061,M16 X 1.50 X 305,5,55 PZA,$6.48,A3799061,5,55 PZA,$6.48
PRECIO DE VENTA POR UNIDAD (INC. IGV),,,,,,,,
TAPÓN DE CARTER CL 8.8 TROPICALIZADO,,,,,,
CÓDIGO,ROSCA,"LARGO
(mm.)","HEX
(mm.)","EMP.
(uds.)",CAJA,P. V.
A135013,M12 x 1.25,11.5,5/8”,25,685 PZA,$0.28
A135012,M12 x 1.50,11.5,5/8”,25,685 PZA,$0.28
A135014,M14 x 1.50,11.7,17.00,25,600 PZA,$0.40
A135016,M16 x 1.50,12.2,"3/4""",25,600 PZA,$0.52
A135018,M18 x 1.50,12.8,13/16”,25,500 PZA,$0.68
A135020,M20 x 1.50,13.5,15/16”,25,400 PZA,$0.94
A135022,M22 x 1.50,15.2,1”,25,350 PZA,$1.18
A135024,M24 x 1.50,17,1 1/8”,25,300 PZA,$1.57
PRECIO DE VENTA POR UNIDAD (INC. IGV),,,,,,
,,,,,,,,,,Imagen referencial,,
PIN DE GRILLETE DE MUELLE CL. 10.9 - 1 MUESCA,,,,,,,,,,,,
"CÓDIGO
SOLO","CÓDIGO
COMPLETO","PIN
(mm.)","BOCINA
(mm.)",GRAS.,POS.,MARCA,MODELO,"EMP.
(uds.)","CAJA
(uds.)",,"SOLO
V. V.","COMP.
V. V."
AB2A000001,AB2A100001,25x115,Ø25 x Ø30 x 68,GM,P,"ISUZU, HINO 300","FORWARD
190/210 - 300",2,24,,$4.80,$7.80
AB2A000013,AB2A100013,25x115,Ø25 x Ø30 x 68,GM,P,YUEJIN,"NJ 1020, NJ 1041,
NJ 1080",2,24,,,$10.88
AB2A000014,AB2A100014,25x119,,GM,P,BAW,FENIX 1044/1065,2,24,,$4.96,$5.14
AB2A000015,AB2A100015,25x123,,GM,P,JAC,N120,2,24,,$5.13,$5.32
AB2A000002,AB2A100002,25x125,Ø25 x Ø31 x 68,GM,P,HINO,300,2,24,,$5.23,$7.58
AB2A000016,AB2A100016,28x114,Ø28 x Ø34 x 68,GM,P,NISSAN,,2,24,,$5.98,$8.50
AB2A000003,AB2A100003,28x116,Ø28 x Ø34 x 68,GM,D/P,"HYUNDAI, FUSO",HD 65/72/78/120,2,24,,$6.09,$8.60
AB2A000017,AB2A100017,28x121,Ø28 x Ø34 x 68,GM,P,HYUNDAI,HD 65/72/78,2,24,,$6.35,$8.86
AB2A000004,AB2A100004,28x128,Ø28 x Ø34 x 68,GM,D,"ISUZU, FUSO",,2,24,,$6.71,$9.23
AB2A000005,AB2A100005,28x131,Ø28 x Ø34 x 68,GM,,ISUZU,FORWARD,2,24,,$6.88,$9.39
AB2A000006,AB2A100006,30x123,Ø30 x Ø36 x 68,GM,P,HINO,500,2,24,,$7.40,$10.44
AB2A000018,AB2A100018,30x123,,,P,JAC,N120,2,24,,,$17.92
AB2A000007,AB2A100007,30x138,Ø30 x Ø36 x 76,GM,P,FUSO,CANTER 8T,2,24,,$8.31,$11.07
AB2A000019,AB2A100019,30x142,Ø30 x Ø36 x 88,GM,D,NISSAN,10T,2,24,,$8.54,$8.73
AB2A000020,AB2A100020,30x142,,,P,JAC,HFC1083KR1,2,24,,,
AB2A000021,AB2A100021,30x145,Ø30 x Ø36 x 88,GM,D/P,NISSAN,,2,24,,$8.72,$11.35
AB2A000022,AB2A100022,30x145,Ø30 x Ø36 x 88,GM,P,HIGER,KLQ 6785,2,24,,$8.68,
AB2A000023,AB2A100023,30x148,Ø30 x Ø38 x 78,GM,D,HINO,500,2,24,,$8.68,$13.74
AB2A000024,AB2A100024,30x150,,GM,D/P,GOLDEN DRAGON,XML6845,2,24,,$8.74,$8.92
AB2A000036,AB2A100036,30x150,,,D,FAW,3252,2,24,,,
PRECIO DE VENTA POR UNIDAD (INC. IGV),,,,,,,,,,,,
GM: Grasera en la cara de la muesca,,,,,,,,,,,,
,,,,,,,,,,Imagen referencial,,
PIN DE GRILLETE DE MUELLE CL. 10.9 - 1 MUESCA,,,,,,,,,,,,
"CÓDIGO
SOLO","CÓDIGO
COMPLETO","PIN
(mm.)","BOCINA
(mm.)",GRAS.,POS.,MARCA,MODELO,"EMP.
(uds.)","CAJA
(uds.)",,"SOLO
V. V.","COMP.
V. V."
AB2A000025,AB2A100025,30x152,Ø30 x Ø38 x 88,GOM,D,HINO,700,2,24,,$9.15,$9.33
AB2A000026,AB2A100026,30x152,Ø30 x Ø38 x 88,GM,D,HINO,700,2,24,,$9.13,$9.32
AB2A000040,AB2A100040,30x155,Ø30 x Ø40 x 88,GM,D,SINOTRUK/FOTON,HOWO/AUMAN,2,24,,$9.30,$13.81
AB2A000037,AB2A100037,30x160,Ø30 x Ø38 x 88,GM,D,FAW,3252,2,24,,$9.59,
AB2A000027,AB2A100027,30x170,,GM,P,GOLDEN DRAGON,XML6845,2,24,,$10.20,$10.38
AB2A000038,AB2A100038,30x250,,,D,FAW,3252,2,24,,,
AB2A000009,AB2A100009,32x152,Ø32 x Ø38 x 88,GM,D,FUSO,CANTER 10T,2,24,,$10.38,$13.15
AB2A000011,AB2A100011,32x152,Ø32 x Ø38 x 88,GOM,D,FUSO,CANTER 10T,2,24,,$10.40,$13.16
AB2A000010,AB2A100010,32x165,Ø32 x Ø38 x 98,GM,P,ISUZU,FORWARD,2,24,,$11.27,$16.38
AB2A000039,AB2A100039,32x168,,,D,FAW,3252,2,24,,,
AB2A000041,AB2A100041,35x142,,GM,,CAMC,,2,24,,$11.61,
AB2A000028,AB2A100028,35x149,,GM,P,HIGER,"KLQ
6840/6883/6885",2,24,,,
AB2A000029,AB2A100029,35x152,Ø35 x Ø42 x 75,GM,P,GOLDEN DRAGON,XML6796,2,24,,$12.43,$12.61
AB2A000030,AB2A100030,35x153,Ø35 x Ø42 x 88,GM,P,HIGER,"KLQ
6840/6883/6885",2,24,,$12.47,$12.66
AB2A000031,AB2A100031,35x160,Ø35 x Ø42 x 88,GM,P,NISSAN,,2,24,,$13.07,$13.26
AB2A000032,AB2A100032,35x163,Ø35 x Ø42 x 88,,P,FOTON,"1138, 5122",2,24,,,
AB2A000033,AB2A100033,35x163,Ø35 x Ø42 x 88,GM,P,HIGER,KLQ 6840/6883,2,24,,$13.30,$13.49
AB2A000034,AB2A100034,35x168,,,P,HIGER,,2,24,,,
AB2A000012,AB2A100012,38x151,Ø38 x Ø46 x 88,GM,P,HINO,500,2,24,,$14.56,$19.32
AB2A000035,AB2A100035,38x158,Ø38 x Ø46 x 88,GM,P,HINO,500,2,24,,$15.22,$19.98
PRECIO DE VENTA POR UNIDAD (INC. IGV),,,,,,,,,,,,
"GM: Grasera en la cara de la muesca
GOM: Grasera en la cara opuesta a la muesca",,,,,,,,,,,,
,,,,,,,,,,Imagen referencial,,
PIN DE GRILLETE DE MUELLE CL. 10.9 - 2 MUESCAS,,,,,,,,,,,,
"CÓDIGO
SOLO","CÓDIGO
COMPLETO","PIN
(mm.)","BOCINA
(mm.)",GRAS.,POS.,MARCA,MODELO,"EMP.
(uds.)","CAJA
(uds.)",,"SOLO
V. V.","COMP.
V. V."
AB2B000008,AB2B100008,25x131,,,D,FOTON,"1069, 1099",2,24,,$5.45,$7.80
AB2B000001,AB2B100001,"1""x156","Ø1"" x Ø1 1/4"" x 88",,D,VW,"OMNIBUS,
CONSTELLATION",2,24,,$6.88,$10.77
AB2B000002,AB2B100002,"1""x170","Ø1"" x Ø1 1/4"" x 98",,D,VW,"OMNIBUS,
CONSTELLATION",2,24,,$7.49,$12.24
AB2B000031,AB2B100031,30x121,,,P,DONG FENG,"6720, 6600",2,24,,,
AB2B000009,AB2B100009,30x127,,,P,FOTON,"1069, 1099",2,24,,$7.61,$7.80
AB2B000010,AB2B100010,30x130,Ø30 x Ø45 x 73,,D,GOLDEN DRAGON,XML6796,2,24,,,
AB2B000011,AB2B100011,30x140,,,P,HIGER,KLQ 6785,2,24,,,
AB2B000003,AB2B100003,30x146,,,D,GOLDEN DRAGON,,2,24,,,$11.21
AB2B000012,AB2B100012,30x147,Ø30 x Ø36 x 88,,D,DONG FENG,3251,2,24,,$8.78,$11.41
AB2B000022,AB2B100022,30x147,Ø30 x Ø38 x 88,,D,FAW,3252,2,24,,$8.78,$13.29
AB2B000013,AB2B100013,30x149,Ø30 x Ø36 x 88,,D,HIGER,KLQ 6840/6883,2,24,,,
AB2B000014,AB2B100014,30x150,,,D,HIGER,KLQ 6891,2,24,,,
AB2B000004,AB2B100004,30x150,Ø30 x Ø40 x 88,,D,CAMC,,2,24,,$8.97,$13.48
AB2B000033,AB2B100033,30x153,,,D,DONG FENG,,2,24,,$9.13,$13.64
AB2B000015,AB2B100015,30x155,Ø30 x Ø40 x 88,,D,"SINOTRUK/
SHACMAN","HOWO, F3000",2,24,,$9.26,$13.77
AB2B000023,AB2B100023,30x160,,,D,FAW,J6,2,24,,$9.56,
AB2B000016,AB2B100016,30x165,,,P,SINOTRUK,HOWO,2,24,,$9.85,$10.04
AB2B000024,AB2B100024,30x170,,,D,FAW,3252,2,24,,$10.16,
AB2B000017,AB2B100017,"1 1/4""x128","Ø1 1/4"" x Ø1 1/2"" x 3""",,P,VW,"OMNIBUS,
CONSTELLATION",2,24,,$8.65,$12.84
AB2B000005,AB2B100005,"1 1/4""x138","Ø1 1/4"" x Ø1 1/2"" x 3""",,P,VW,"OMNIBUS,
CONSTELLATION",2,24,,$9.32,$13.51
PRECIO DE VENTA POR UNIDAD (INC. IGV),,,,,,,,,,,,
,,,,,,,,,,Imagen referencial,,
PIN DE GRILLETE DE MUELLE CL. 10.9 - 2 MUESCAS,,,,,,,,,,,,
"CÓDIGO
SOLO","CÓDIGO
COMPLETO","PIN
(mm.)","BOCINA
(mm.)",GRAS.,POS.,MARCA,MODELO,"EMP.
(uds.)","CAJA
(uds.)",,"SOLO
V. V.","COMP.
V. V."
AB2B000018,AB2B100018,32x137,Ø32 x Ø38 x 78,,D,ISUZU,FORWARD,2,24,,$9.33,$13.52
AB2B000025,AB2B100025,32x152,Ø32 x Ø40 x 88,,D,CAMC,,2,24,,$10.34,
AB2B000006,AB2B100006,32x165,Ø32 x Ø38 x 98,,P,ISUZU,FORWARD,2,24,,$11.25,$16.35
AB2B000026,AB2B100026,"1 1/8""x6.812""",,,,FREIGHTLINER,FLC112,2,24,,$9.90,
AB2B000034,AB2B100034,"1 1/4""x 5.546""",,,P,INTERNATIONAL,,2,24,,$9.51,
AB2B000027,AB2B100027,"1 1/4""x5 3/4""","Ø1 1/4"" x Ø1 1/2"" x 3 1/2""",,,FREIGHTLINER,"120, FLD112",2,24,,$9.86,
AB2B000028,AB2B100028,"1 1/4""x6 3/8""",,,,FREIGHTLINER,"120, FLD112",2,24,,$10.95,
AB2B000035,AB2B100035,"1 1/4""x6 3/4""",,,D,"INTERNATIONAL
/PETERBILT",,2,24,,$11.60,
AB2B000029,AB2B100029,"1 1/4""x6 7/8""",,,,"KENWORTH/
PETERBILT",,2,24,,$11.80,
AB2B000030,AB2B100030,"1 1/4""x6.906""","Ø1 1/4"" x Ø1 1/2"" x 4""",,D,FREIGHTLINER,"120, FLD112",2,24,,$11.86,$16.97
AB2B000019,AB2B100019,"1 3/8""x6 7/8""",,,P,HENDRICKSON,,2,24,,$14.18,
AB2B000032,AB2B100032,"1 3/8""x5.968""",,,,FREIGHTLINER,,2,24,,$12.33,
AB2B000020,AB2B100020,35x158,Ø35 x Ø42 x 88,,P,HIGER,KLQ 6840/6883,2,24,,,
AB2B000021,AB2B100021,"1 1/2""x8 1/2""",,,P,HENDRICKSON,,2,24,,$20.87,
PRECIO DE VENTA POR UNIDAD (INC. IGV),,,,,,,,,,,,
,,,,,,,,,,Imagen referencial,,
PIN DE GRILLETE DE MUELLE CL. 10.9 - MUESCA CUADRADA,,,,,,,,,,,,
"CÓDIGO
SOLO","CÓDIGO
COMPLETO","PIN
(mm.)","BOCINA
(mm.)",GRAS.,POS.,MARCA,MODELO,"EMP.
(uds.)","CAJA
(uds.)",,"SOLO
V. V.","COMP.
V. V."
AB2C000001,AB2C100001,25x126,Ø25 x Ø30 x 67,GM,D,MERCEDES-BENZ,,2,24,,$5.26,$8.26
AB2C000002,AB2C100002,25x140,Ø25 x Ø30 x 81,GM,D,MERCEDES-BENZ,,2,24,,$5.86,$9.40
AB2C000007,AB2C100007,30x134,Ø30 x Ø35 x 74,GM,P,FOTON,1069,2,24,,$8.06,$8.25
AB2C000008,AB2C100008,30x135,,,P,DONG FENG,1045,2,24,,,
AB2C000003,AB2C100003,30x136,Ø30 x Ø35 x 77,GM,P,MERCEDES-BENZ,,2,24,,$8.20,$11.41
AB2C000004,AB2C100004,30x148,Ø30 x Ø36 x 88,GM,P,MERCEDES-BENZ,,2,24,,$8.92,$11.55
AB2C000005,AB2C100005,30x153,Ø30 x Ø36 x 88,GM,,FOTON,,2,24,,$9.20,$11.84
AB2C000009,AB2C100009,30x160,Ø30 x Ø36 x 88,GM,,MERCEDES-BENZ,,2,24,,$9.64,$12.27
AB2C000010,AB2C100010,"1 1/4""x7.312""",,,P,HENDRICKSON,,2,24,,$12.65,
AB2C000011,AB2C100011,"1 1/4""x7 7/8""",,,,INTERNATIONAL,,2,24,,,
AB2C000012,AB2C100012,"1 3/8""x7 1/8""",,,,"HENDRICKSON/
INTERNATIONAL",,2,24,,,
AB2C000013,AB2C100013,"1 3/8""x7.312""",,,,HENDRICKSON,,2,24,,$15.19,
AB2C000014,AB2C100014,"1 3/8""x8""",,,,HENDRICKSON,,2,24,,,
AB2C000006,AB2C100006,35x170,Ø35 x Ø43 x 88,GM,,GOLDEN DRAGON,,2,24,,$13.85,$18.69
AB2C000015,AB2C100015,40x220,,,D,FAW,,2,24,,,
PRECIO DE VENTA POR UNIDAD (INC. IGV),,,,,,,,,,,,
GM: Grasera en la cara de la muesca,,,,,,,,,,,,
,,,,,,,,,,Imagen referencial,,
PIN DE GRILLETE DE MUELLE CL. 10.9 - CAB. ½ LUNA,,,,,,,,,,,,
"CÓDIGO
SOLO","CÓDIGO
COMPLETO","PIN
(mm.)","BOCINA
(mm.)",GRAS.,POS.,MARCA,MODELO,"EMP.
(uds.)","CAJA
(uds.)",,"SOLO
V. V.","COMP.
V. V."
AB2D000001,AB2D100001,25x78x120,Ø25 x Ø30 x 68,GC,D,FOTON,OLLIN/AUMARK,2,24,,$6.76,$9.96
AB2D000014,AB2D100014,25x82x120,Ø25 x Ø30 x 68,GOC,P,ISUZU,NPR,2,24,,$6.77,$9.97
AB2D000015,AB2D100015,25x82x120,Ø25 x Ø30 x 68,GC,P,ISUZU,ELF 3T,2,24,,$6.79,$9.98
AB2D000002,AB2D100002,25x85,Ø25 x Ø31 x 68,,,HINO,,2,24,,,$7.86
AB2D000016,AB2D100016,25x88x130,Ø25 x Ø31 x 70,GC,D,JAC,N120,2,24,,$7.40,$10.09
AB2D000003,AB2D100003,25x88x136,Ø25 x Ø31 x 70,GC,D,FOTON,OLLIN/AUMARK,2,24,,$7.65,$10.21
AB2D000017,AB2D100017,25x91x116,Ø25 x Ø30 x 68,GOC,D,HINO,300/500,2,24,,$6.66,$9.85
AB2D000018,AB2D100018,25x90x119,Ø25 x Ø30 x 68,GOC,D,ISUZU,REWARD,2,24,,$6.79,$9.98
AB2D000019,AB2D100019,25x90x119,Ø25 x Ø30 x 68,GC,D,ISUZU,REWARD,2,24,,$6.79,$9.98
AB2D000004,AB2D100004,25x95x139,Ø25 x Ø32 x 70,GC,D,JAC,1020/1045/1061,2,24,,$7.91,$11.86
AB2D000005,AB2D100005,25x105x131,Ø25 x Ø31 x 68,GC,D,HINO,300/500,2,24,,$5.57,$7.92
AB2D000020,AB2D100020,25x105x131,Ø25 x Ø31 x 68,GOC,D,HINO,300/500,2,24,,$7.49,$10.05
AB2D000021,AB2D100021,25x105,Ø25 x Ø32 x 68,,,"DONG FENG/
FOTON",,2,24,,$1.56,$3.61
AB2D000006,AB2D100006,25x115x143,Ø25 x Ø32 x 68,GC,D,HINO,300,2,24,,$8.17,$11.99
AB2D000022,AB2D100022,25x121x149,,GOC,D,HINO,,2,24,,$8.50,$8.89
AB2D000023,AB2D100023,25x88X146,Ø25 x Ø30 x 68,GC,D,BAW,FENIX 1044/1065,2,24,,$8.22,
AB2D000007,AB2D100007,28x76x120,Ø28 x Ø34 x 68,GC,D,NISSAN,ATLAS/CONDOR,2,24,,$8.05,$10.89
AB2D000009,AB2D100009,28x85x120,Ø28 x Ø34 x 68,GC,D,NISSAN,,2,24,,$8.15,$10.94
AB2D000010,AB2D100010,28x88x120,Ø28 x Ø36 x 68,GC,,NISSAN/FUSO,CONDOR/UD,2,24,,,$12.12
AB2D000011,AB2D100011,28x95x129,Ø28 x Ø36 x 68,GC,,FUSO,CANTER 5T,2,24,,$8.73,$12.05
AB2D000024,AB2D100024,30x136,Ø30 x Ø45 x 73,,D,GOLDEN DRAGON,XML6796,2,24,,,
AB2D000012,AB2D100012,30x114x149,Ø30 x Ø36 x 78,GC,D,FUSO,CANTER,2,24,,$10.47,$13.70
AB2D000013,AB2D100013,30x120x146,Ø30 x Ø38 x 78,GOC,D,HINO,500/700,2,24,,$11.15,$16.70
PRECIO DE VENTA POR UNIDAD (INC. IGV),,,,,,,,,,,,
"GC: Grasera en la cabeza
GOC: Grasera en la cara opuesta a la cabeza",,,,,,,,,,,,
,,,,,,,,,,Imagen referencial,,
PIN DE GRILLETE DE MUELLE CL. 10.9 - DOBLE CAB. ½ LUNA,,,,,,,,,,,,
"CÓDIGO
SOLO","CÓDIGO
COMPLETO","PIN
(mm.)","BOCINA
(mm.)",GRAS.,POS.,MARCA,MODELO,"EMP.
(uds.)","CAJA
(uds.)",,"SOLO
V. V.","COMP.
V. V."
AB2E000001,AB2E100001,25x80x118,Ø25 x Ø31 x 70,GC,,"DONG
FENG/FOTON",,2,24,,$6.73,$9.35
AB2E000009,AB2E100009,25x108,,,D,ISUZU,ELF,2,24,,,
AB2E000002,AB2E100002,25x115,,,D,JAC,1020/1045/1061,2,24,,$8.71,$8.90
AB2E000007,AB2E100007,25x125,Ø25 x Ø30 x 67,,D,BAW,FENIX 1044,2,24,,,
AB2E000003,AB2E100003,30x86x134,Ø28 x Ø36 x 70,GC,,JAC,,2,24,,$10.11,$13.74
AB2E000004,AB2E100004,32x147x192,Ø32 x Ø38 x 88,GC,D,HYUNDAI/KIA,,2,24,,$17.20,$20.53
AB2E000005,AB2E100005,32x153x198,Ø32 x Ø38 x 88,GC,P,HYUNDAI/KIA,,2,24,,$17.75,$21.07
AB2E000008,AB2E100008,32x160x198,,GC,D,ISUZU/DAEWOO,"FORWARD -
BS090, BS106",2,24,,$17.88,$18.80
AB2E000006,AB2E100006,32x163x208,Ø32 x Ø38 x 88,GC,P,HYUNDAI/KIA,,2,24,,$18.64,$21.97
PRECIO DE VENTA POR UNIDAD (INC. IGV),,,,,,,,,,,,
GC: Grasera en la cabeza,,,,,,,,,,,,
BOCINAS BIMETÁLICAS,,,,,,
CÓDIGO,"Ø INT.
(mm.)","Ø EXT.
(mm.)","LONG.
(mm.)","EMP.
(uds.)",CAJA,P. V.
AB3A000001,19.05,25.40,63.50,10,1 PZA,$2.11
AB3A000002,25.00,30.00,68.00,10,PZA,$2.82
AB3A000003,25.00,30.00,77.00,10,PZA,$3.21
AB3A000004,25.00,30.00,81.00,10,PZA,$3.36
AB3A000005,25.00,31.00,68.00,10,PZA,$2.17
AB3A000006,25.00,32.00,68.00,10,PZA,$3.43
AB3A000007,25.00,32.00,98.00,10,PZA,$4.35
AB3A000008,25.00,34.00,70.00,10,130 PZA,$5.18
AB3A000009,25.00,36.00,70.00,10,110 PZA,$5.46
AB3A000010,25.40,31.75,101.60,10,PZA,$4.57
AB3A000011,25.40,31.75,88.90,10,PZA,$3.72
AB3A000012,28.00,32.00,90.00,10,240 PZA,$3.32
AB3A000013,28.00,34.00,70.00,10,PZA,$2.34
AB3A000014,28.00,34.00,78.00,10,PZA,$3.79
AB3A000015,28.00,36.00,70.00,10,PZA,$2.87
AB3A000016,28.00,40.00,72.00,10,90 PZA,$5.75
AB3A000017,30.00,34.00,18.00,10,PZA,$1.40
AB3A000018,30.00,34.00,24.00,10,PZA,$1.60
AB3A000019,30.00,35.00,76.00,10,PZA,$3.03
AB3A000020,30.00,35.00,90.00,10,PZA,$3.16
PRECIO DE VENTA POR UNIDAD (INC. IGV),,,,,,
BOCINAS BIMETÁLICAS,,,,,,
CÓDIGO,"Ø INT.
(mm.)","Ø EXT.
(mm.)","LONG.
(mm.)","EMP.
(uds.)",CAJA,P. V.
AB3A000021,30.00,36.00,70.00,10,PZA,$2.87
AB3A000022,30.00,36.00,88.00,10,PZA,$2.45
AB3A000023,30.00,38.00,78.00,10,PZA,$4.89
AB3A000050,30.00,38.00,88.00,,,
AB3A000024,30.00,40.00,88.00,10,PZA,$4.33
AB3A000025,31.75,38.10,101.60,10,PZA,$5.25
AB3A000026,32.00,38.00,78.00,10,PZA,$4.01
AB3A000027,32.00,38.00,88.00,10,PZA,$2.58
AB3A000028,32.00,38.00,98.00,10,PZA,$4.93
AB3A000051,32.00,42.00,78.00,,,
AB3A000052,32.00,42.00,88.00,,,
AB3A000029,35.00,42.00,88.00,10,PZA,$5.65
AB3A000030,35.00,43.00,100.00,10,96 PZA,$5.06
AB3A000031,35.00,43.00,88.00,10,110 PZA,$4.65
AB3A000032,35.00,45.00,100.00,10,90 PZA,$9.10
AB3A000033,38.00,46.00,88.00,10,PZA,$4.58
AB3A000034,100.00,110.00,90.00,10,PZA,$19.61
AB3B000001,24.00,27.00,15.00,10,1105 PZA,$1.01
AB3B000002,25.00,30.00,28.00,10,624 PZA,$1.22
AB3B000003,38.50,43.00,26.00,10,576 PZA,$2.27
AB3B000004,44.00,49.00,30.00,10,366 PZA,$2.11
ABRAZADERA DE MUELLE GR.8/CL. 10.9,,,,,,,,,
,,,,,,,,,
CÓDIGO,DESCRIPCIÓN,Ø,D,W,Th,"EMP.
(uds.)","CAJA
(uds.)",U. M.,P. V.
AI98141315,AB. U BOLSA DE AIRE,"7/8""","6 1/8""","7 1/2""",UNF,,,PZA,$13.74
AI9822162240,AB. U BOLSA DE AIRE,M22,162,240,RF,,,PZA,$10.71
AI99141315,AB. U BOLSA DE AIRE,"7/8""","6 1/8""","7 1/2""",UNF,,,JGO,$15.14
AIC10081008,AB. CUADRADA,"1/2""","2 1/2""","4""",UNF,,,JGO,$2.81
AIC10081009,AB. CUADRADA,"1/2""","2 1/2""","4 1/2""",UNF,,,JGO,$2.90
AIC10081010,AB. CUADRADA,"1/2""","2 1/2""","5""",UNF,,,JGO,$3.00
AIC10081012,AB. CUADRADA,"1/2""","2 1/2""","6""",UNF,,,JGO,$3.19
AIC10081014,AB. CUADRADA,"1/2""","2 1/2""","7""",UNF,,,JGO,$3.38
AIC100910114,AB. CUADRADA,"9/16""","2 3/8""","7""",UNF,,,JGO,$3.93
AIC10091012,AB. CUADRADA,"9/16""","2 1/2""","6""",UNF,,,JGO,$3.45
AIC10091014,AB. CUADRADA,"9/16""","2 1/2""","7""",UNF,,,JGO,$4.18
AIC10091016,AB. CUADRADA,"9/16""","2 1/2""","8""",UNF,,,JGO,$4.47
AIC10091108,AB. CUADRADA,"9/16""","2 3/4""","4""",UNF,,,JGO,$3.49
AIC10091109,AB. CUADRADA,"9/16""","2 3/4""","4 1/2""",UNF,,,JGO,$3.57
AIC10091110,AB. CUADRADA,"9/16""","2 3/4""","5""",UNF,,,JGO,$3.75
AIC10091111,AB. CUADRADA,"9/16""","2 3/4""","5 1/2""",UNF,,,JGO,$3.81
AIC10091112,AB. CUADRADA,"9/16""","2 3/4""","6""",UNF,,,JGO,$4.00
AIC10091114,AB. CUADRADA,"9/16""","2 3/4""","7""",UNF,,,JGO,$4.26
AIC10091116,AB. CUADRADA,"9/16""","2 3/4""","8""",UNF,,,JGO,$4.51
AIC10101109,AB. CUADRADA,"5/8""","2 3/4""","4 1/2""",UNF,,,JGO,$4.30
AIC10101110,AB. CUADRADA,"5/8""","2 3/4""","5""",UNF,,,JGO,$4.58
AIC10101111,AB. CUADRADA,"5/8""","2 3/4""","5 1/2""",UNF,,,JGO,$4.59
AIC10101112,AB. CUADRADA,"5/8""","2 3/4""","6""",UNF,,,JGO,$4.98
AIC10101114,AB. CUADRADA,"5/8""","2 3/4""","7""",UNF,,,JGO,$5.38
AIC10101116,AB. CUADRADA,"5/8""","2 3/4""","8""",UNF,,,JGO,$5.78
AIC10101118,AB. CUADRADA,"5/8""","2 3/4""","9""",UNF,,,JGO,$6.18
AIC10101120,AB. CUADRADA,"5/8""","2 3/4""","10""",UNF,,,JGO,$6.55
AIC10101122,AB. CUADRADA,"5/8""","2 3/4""","11""",UNF,,,JGO,$6.94
AIC10101124,AB. CUADRADA,"5/8""","2 3/4""","12""",UNF,,,JGO,$7.34
AIC10101126,AB. CUADRADA,"5/8""","2 3/4""","13""",UNF,,,JGO,$7.74
AIC10101128,AB. CUADRADA,"5/8""","2 3/4""","14""",UNF,,,JGO,$8.14
AIC10101130,AB. CUADRADA,"5/8""","2 3/4""","15""",UNF,,,JGO,$8.51
AIC10101132,AB. CUADRADA,"5/8""","2 3/4""","16""",UNF,,,JGO,$8.91
AIC10101134,AB. CUADRADA,"5/8""","2 3/4""","17""",UNF,,,JGO,$9.31
AIC10101224,AB. CUADRADA,"5/8""","3""","12""",UNF,,,JGO,$6.85
AIC10101226,AB. CUADRADA,"5/8""","3""","13""",UNF,,,JGO,$7.15
AIC10101228,AB. CUADRADA,"5/8""","3""","14""",UNF,,,JGO,$7.44
AIC10101230,AB. CUADRADA,"5/8""","3""","15""",UNF,,,JGO,$7.74
PRECIO DE VENTA POR UNIDAD (INC. IGV),,,,,,,,,
ABRAZADERA DE MUELLE GR.8/CL. 10.9,,,,,,,,,,,,,,,
,,,,,,,,,,,,,,,
CÓDIGO,,,DESCRIPCIÓN,Ø,,D,,W,Th,"EMP.
(uds.)",,"CAJA
(uds.)",,U. M.,P. V.
AIC10101232,,,AB. CUADRADA,5,"/8""",,"3""","16""",UNF,,,,,JGO,$8.03
,AIC1010,,,,,,,,,,,,,,
,9.0 AIC1012,1124,AB. CUADRADA,3,"9.0 /4""",,"2 3/4""","12""",UNF,,,9.0,,JGO,$10.76
,"1 AIC1012
A",1126,AB. CUADRADA,3,"1 /4""
A",,"2 3/4""","13""",UNF,,,"1
A",,JGO,$11.60
,NI AIC1012,1128,AB. CUADRADA,3,"NI /4""",,"2 3/4""","14""",UNF,,,NI,,JGO,$11.90
"D
AIC10121130","D
AIC1012",,AB. CUADRADA,"D
3/4""","D
/4""",,,"15""",UNF,,,D,,JGO,$12.43
AIC10121132,,,AB. CUADRADA,"3/4""",,"2 3/4""",,"16""",UNF,,,,,JGO,$13.23
AIC10121134,,,AB. CUADRADA,"3/4""",,"2 3/4""",,"17""",UNF,,,,,JGO,$13.50
AIC10121136,,,AB. CUADRADA,"3/4""",,"2 3/4""",,"18""",UNF,,,,,JGO,$13.88
AIC10121216,,,AB. CUADRADA,"3/4""",,"3""",,"8""",UNC,,,,,JGO,$6.77
AIC10121218,,,AB. CUADRADA,"3/4""",,"3""",,"9""",UNC,,,,,JGO,$7.15
AIC10121224,,,AB. CUADRADA,"3/4""",,"3""",,"12""",UNC,,,,,JGO,$8.61
AIC10121226,,,AB. CUADRADA,"3/4""",,"3""",,"13""",UNC,,,,,JGO,$8.99
AIC10121228,,,AB. CUADRADA,"3/4""",,"3""",,"14""",UNC,,,,,JGO,$9.38
AIC10121230,,,AB. CUADRADA,"3/4""",,"3""",,"15""",UNC,,,,,JGO,$9.76
AIC10121232,,,AB. CUADRADA,"3/4""",,"3""",,"16""",UNC,,,,,JGO,$10.14
AIC10121234,,,AB. CUADRADA,"3/4""",,"3""",,"17""",UNC,,,,,JGO,$10.53
AIC10121236,,,AB. CUADRADA,"3/4""",,"3""",,"18""",UNC,,,,,JGO,$10.91
AIC10121238,,,AB. CUADRADA,"3/4""",,"3""",,"19""",UNC,,,,,JGO,$11.29
AIC10121240,,,AB. CUADRADA,"3/4""",,"3""",,"20""",UNC,,,,,JGO,$11.68
AIC10121242,,,AB. CUADRADA,"3/4""",,"3""",,"21""",UNC,,,,,JGO,$12.06
AIC10121436,,,AB. CUADRADA,"3/4""",,"3 1/2""",,"18""",UNC,,,,,JGO,$11.01
AIC10121438,,,AB. CUADRADA,"3/4""",,"3 1/2""",,"19""",UNC,,,,,JGO,$11.40
AIC10121440,,,AB. CUADRADA,"3/4""",,"3 1/2""",,"20""",UNC,,,,,JGO,$11.78
AIC10121616,,,AB. CUADRADA,"3/4""",,"4""",,"8""",UNC,,,,,JGO,$6.96
AIC10121618,,,AB. CUADRADA,"3/4""",,"4""",,"9""",UNC,,,,,JGO,$7.34
AIC10121620,,,AB. CUADRADA,"3/4""",,"4""",,"10""",UNC,,,,,JGO,$7.72
AIC10121622,,,AB. CUADRADA,"3/4""",,"4""",,"11""",UNC,,,,,JGO,$8.11
AIC10141228,,,AB. CUADRADA,"7/8""",,"3""",,"14""",UNC,,,,,JGO,$12.08
AIC10141230,,,AB. CUADRADA,"7/8""",,"3""",,"15""",UNC,,,,,JGO,$12.60
AIC10141232,,,AB. CUADRADA,"7/8""",,"3""",,"16""",UNC,,,,,JGO,$13.12
AIC10141234,,,AB. CUADRADA,"7/8""",,"3""",,"17""",UNC,,,,,JGO,$13.63
AIC10141236,,,AB. CUADRADA,"7/8""",,"3""",,"18""",UNC,,,,,JGO,$14.15
AIC10141238,,,AB. CUADRADA,"7/8""",,"3""",,"19""",UNC,,,,,JGO,$14.67
AIC10141240,,,AB. CUADRADA,"7/8""",,"3""",,"20""",UNC,,,,,JGO,$15.19
AIC10141242,,,AB. CUADRADA,"7/8""",,"3""",,"21""",UNC,,,,,JGO,$15.71
AIC10141244,,,AB. CUADRADA,"7/8""",,"3""",,"22""",UNC,,,,,JGO,$16.23
AIC10141246,,,AB. CUADRADA,"7/8""",,"3""",,"23""",UNC,,,,,JGO,$16.75
AIC11141420,,,AB. CUADRADA,"7/8""",,"3 1/2""",,"10""",UNC,,,,,JGO,$14.07
PRECIO DE VENTA POR UNIDAD (INC. IGV),,,,,,,,,,,,,,,
ABRAZADERA DE MUELLE GR.8/CL. 10.9,,,,,,,,,,,,,,,
,,,,,,,,,,,,,,,
CÓDIGO,,,DESCRIPCIÓN,Ø,,D,,W,Th,"EMP.
(uds.)",,"CAJA
(uds.)",,U. M.,P. V.
AIC11141422,,,AB. CUADRADA,7,"/8""",,"3 1/2""","11""",UNC,,,,,JGO,$14.20
,AIC1114,,,,,,,,,,,,,,
,9.0 AIC1114,1424,AB. CUADRADA,7,"9.0 /8""",,"3 1/2""","12""",UNC,,,9.0,,JGO,$14.94
,"1 AIC1114
A",1426,AB. CUADRADA,7,"1 /8""
A",,"3 1/2""","13""",UNC,,,"1
A",,JGO,$15.68
,NI AIC1114,1428,AB. CUADRADA,7,"NI /8""",,"3 1/2""","14""",UNC,,,NI,,JGO,$16.42
"D
AIC11141430","D
AIC1114",,AB. CUADRADA,"D
7/8""","D
/8""",,,"15""",UNC,,,D,,JGO,$17.17
AIC11141432,,,AB. CUADRADA,"7/8""",,"3 1/2""",,"16""",UNC,,,,,JGO,$17.91
AIC11141434,,,AB. CUADRADA,"7/8""",,"3 1/2""",,"17""",UNC,,,,,JGO,$18.65
AIC11141436,,,AB. CUADRADA,"7/8""",,"3 1/2""",,"18""",UNC,,,,,JGO,$19.39
AIC11141438,,,AB. CUADRADA,"7/8""",,"3 1/2""",,"19""",UNC,,,,,JGO,$20.13
AIC11141440,,,AB. CUADRADA,"7/8""",,"3 1/2""",,"20""",UNC,,,,,JGO,$20.13
AIC11141614,,,AB. CUADRADA,"7/8""",,"4""",,7'',UNC,,,,,JGO,$11.42
AIC11141616,,,AB. CUADRADA,"7/8""",,"4""",,8'',UNC,,,,,JGO,$12.17
AIC11141618,,,AB. CUADRADA,"7/8""",,"4""",,9'',UNC,,,,,JGO,$12.80
AIC11141620,,,AB. CUADRADA,"7/8""",,"4""",,10'',UNC,,,,,JGO,$13.54
AIC11141622,,,AB. CUADRADA,"7/8""",,"4""",,11'',UNC,,,,,JGO,$14.28
AIC11141624,,,AB. CUADRADA,"7/8""",,"4""",,12'',UNC,,,,,JGO,$15.02
AIC11141626,,,AB. CUADRADA,"7/8""",,"4""",,13'',UNC,,,,,JGO,$15.87
AIC11141628,,,AB. CUADRADA,"7/8""",,"4""",,"14""",UNC,,,,,JGO,$16.61
AIC11141630,,,AB. CUADRADA,"7/8""",,"4""",,15'',UNC,,,,,JGO,$17.22
AIC11141632,,,AB. CUADRADA,"7/8""",,"4""",,16'',UNC,,,,,JGO,$17.95
AIC11141634,,,AB. CUADRADA,"7/8""",,"4""",,17'',UNC,,,,,JGO,$18.69
AIC11141636,,,AB. CUADRADA,"7/8""",,"4""",,18'',UNC,,,,,JGO,$19.58
AIC11141638,,,AB. CUADRADA,"7/8""",,"4""",,19'',UNC,,,,,JGO,$20.32
AIC11141640,,,AB. CUADRADA,"7/8""",,"4""",,20'',UNC,,,,,JGO,$20.32
AIC11161620,,,AB. CUADRADA,"1""",,"4""",,10'',UNC,,,,,JGO,$17.18
AIC11161622,,,AB. CUADRADA,"1""",,"4""",,11'',UNC,,,,,JGO,$18.15
AIC11161632,,,AB. CUADRADA,"1""",,"4""",,16'',UNC,,,,,JGO,$23.15
AIC11161634,,,AB. CUADRADA,"1""",,"4""",,17'',UNC,,,,,JGO,$24.12
AIC15181118,,,AB. CUADRADA,M18,,"2 3/4""",,9'',RF,,,,,JGO,$7.93
AIC15181120,,,AB. CUADRADA,M18,,"2 3/4""",,10'',RF,,,,,JGO,$8.40
AIC15181122,,,AB. CUADRADA,M18,,"2 3/4""""",,11'',RF,,,,,JGO,$8.87
AIC16201420,,,AB. CUADRADA,M20,,"3 1/2""",,10'',RC,,,,,JGO,$11.43
AIC16201422,,,AB. CUADRADA,M20,,"3 1/2""",,11'',RC,,,,,JGO,$12.03
AIC16201424,,,AB. CUADRADA,M20,,"3 1/2""",,12'',RC,,,,,JGO,$12.63
AIC16201618,,,AB. CUADRADA,M20,,"4""",,9'',RC,,,,,JGO,$10.89
AIC16201620,,,AB. CUADRADA,M20,,"4""",,10'',RC,,,,,JGO,$11.49
AIC16201622,,,AB. CUADRADA,M20,,"4""",,11'',RC,,,,,JGO,$12.19
AIC16201624,,,AB. CUADRADA,M20,,"4""",,12'',RC,,,,,JGO,$12.68
PRECIO DE VENTA POR UNIDAD (INC. IGV),,,,,,,,,,,,,,,
ABRAZADERA DE MUELLE GR.8/CL. 10.9,,,,,,,,,,,,,,,
,,,,,,,,,,,,,,,
CÓDIGO,,,DESCRIPCIÓN,Ø,,D,,W,Th,"EMP.
(uds.)",,"CAJA
(uds.)",,U. M.,P. V.
AIC16241616,,,AB. CUADRADA,M,24,,"4""",8'',RC,,,,,JGO,$14.32
,AIC1624,,,,,,,,,,,,,,
,9.0 AIC1624,1618,AB. CUADRADA,M,9.0 24,,"4""",9'',RC,,,9.0,,JGO,$15.19
,"1 AIC1624
A",1620,AB. CUADRADA,M,"1 24
A",,"4""",10'',RC,,,"1
A",,JGO,$16.27
,NI AIC1624,1622,AB. CUADRADA,M,NI 24,,"4""",11'',RC,,,NI,,JGO,$17.13
"D
AIC16241624","D
AIC1624",,AB. CUADRADA,"D
M24","D
24",,,12'',RC,,,D,,JGO,$17.79
AIC16241646,,,AB. CUADRADA,M24,,"4""",,23'',RC,,,,,JGO,$19.54
AIC16241650,,,AB. CUADRADA,M24,,"4""",,25'',RC,,,,,JGO,$20.74
AIC16241652,,,AB. CUADRADA,M24,,"4""",,26'',RC,,,,,JGO,$21.33
AIC21161630,,,AB. CUAD. APLAN.,"1""",,"4""",,15'',UNC,,,,,JGO,$22.00
AIC21161632,,,AB. CUAD. APLAN.,"1""",,"4""",,16'',UNC,,,,,JGO,$22.96
AIC21161634,,,AB. CUAD. APLAN.,"1""",,"4""",,17'',UNC,,,,,JGO,$24.23
AIC21161636,,,AB. CUAD. APLAN.,"1""",,"4""",,18'',UNC,,,,,JGO,$24.89
AIC21161638,,,AB. CUAD. APLAN.,"1""",,"4""",,19'',UNC,,,,,JGO,$25.85
AIC21161640,,,AB. CUAD. APLAN.,"1""",,"4""",,20'',UNC,,,,,JGO,$26.72
AIC21161642,,,AB. CUAD. APLAN.,"1""",,"4""",,21'',UNC,,,,,JGO,$26.78
AIC21161644,,,AB. CUAD. APLAN.,"1""",,"4""",,22'',UNC,,,,,JGO,$27.68
AIC21161646,,,AB. CUAD. APLAN.,"1""",,"4""",,23'',UNC,,,,,JGO,$29.70
AIC21161648,,,AB. CUAD. APLAN.,"1""",,"4""",,"24""",UNC,,,,,JGO,$29.94
AIC21161650,,,AB. CUAD. APLAN.,"1""",,"4""",,25'',UNC,,,,,JGO,$30.43
AIC21161652,,,AB. CUAD. APLAN.,"1""",,"4""",,26'',UNC,,,,,JGO,$31.36
AIC26241424,,,AB. CUAD. APLAN.,M24,,"3 1/2""",,12'',RC,,,,,JGO,$12.87
AIC26241434,,,AB. CUAD. APLAN.,M24,,"3 1/2""",,17'',RC,,,,,JGO,$21.90
AIC26241444,,,AB. CUAD. APLAN.,M24,,"3 1/2""",,22'',RC,,,,,JGO,$26.23
AIC26241446,,,AB. CUAD. APLAN.,M24,,"3 1/2""",,23'',RC,,,,,JGO,$27.10
AIC36201618,,,AB. CUAD. REFOR.,M20,,4'',,9'',RC,,,,,JGO,$10.25
AIC36201620,,,AB. CUAD. REFOR.,M20,,4'',,10'',RC,,,,,JGO,$10.82
AIC36201622,,,AB. CUAD. REFOR.,M20,,4'',,11'',RC,,,,,JGO,$11.36
AIC36201624,,,AB. CUAD. REFOR.,M20,,4'',,12'',RC,,,,,JGO,$11.90
AIS10091112,,,AB. SEMICURVA,"9/16""",,"2 3/4""",,6'',UNF,,,,,JGO,$3.73
AIS10091114,,,AB. SEMICURVA,"9/16""",,"2 3/4""",,7'',UNF,,,,,JGO,$4.40
AIS10091116,,,AB. SEMICURVA,"9/16""",,"2 3/4""",,8'',UNF,,,,,JGO,$4.66
AIS10091118,,,AB. SEMICURVA,"9/16""",,"2 3/4""",,9'',UNF,,,,,JGO,$4.91
AIS10091314,,,AB. SEMICURVA,"9/16""",,3 1/4'',,7'',UNF,,,,,JGO,$4.47
AIS10091316,,,AB. SEMICURVA,"9/16""",,3 1/4'',,8'',UNF,,,,,JGO,$4.50
AIS10091318,,,AB. SEMICURVA,"9/16""",,3 1/4'',,9'',UNF,,,,,JGO,$4.52
AIS10091320,,,AB. SEMICURVA,"9/16""",,3 1/4'',,10'',UNF,,,,,JGO,$4.76
AIS10101112,,,AB. SEMICURVA,"5/8""",,"2 3/4""",,6'',UNF,,,,,JGO,$4.74
AIS10101114,,,AB. SEMICURVA,"5/8""",,"2 3/4""",,7'',UNF,,,,,JGO,$5.03
PRECIO DE VENTA POR UNIDAD (INC. IGV),,,,,,,,,,,,,,,
ABRAZADERA DE MUELLE GR.8/CL. 10.9,,,,,,,,,,,,,,,
,,,,,,,,,,,,,,,
CÓDIGO,,,DESCRIPCIÓN,Ø,,D,,W,Th,"EMP.
(uds.)",,"CAJA
(uds.)",,U. M.,P. V.
AIS10101116,,,AB. SEMICURVA,5,"/8""",,"2 3/4""",8'',UNF,,,,,JGO,$5.33
,AIS1010,,,,,,,,,,,,,,
,9.0 AIS1010,1118,AB. SEMICURVA,5,"9.0 /8""",,"2 3/4""",9'',UNF,,,9.0,,JGO,$5.62
,"1 AIS1010
A",1120,AB. SEMICURVA,5,"1 /8""
A",,"2 3/4""",10'',UNF,,,"1
A",,JGO,$6.36
,NI AIS1010,1122,AB. SEMICURVA,5,"NI /8""",,"2 3/4""",11'',UNF,,,NI,,JGO,$6.76
"D
AIS10121420","D
AIS1012",,AB. SEMICURVA,"D
3/4""","D
/4""",,,10'',UNF,,,D,,JGO,$9.56
AIS10121422,,,AB. SEMICURVA,"3/4""",,"3 1/2""",,11'',UNF,,,,,JGO,$10.11
AIS11141236,,,AB. SEMICURVA,"7/8""",,3'',,18'',UNC,,,,,JGO,$14.15
AIS11141238,,,AB. SEMICURVA,"7/8""",,3'',,19'',UNC,,,,,JGO,$14.67
AIS11141240,,,AB. SEMICURVA,"7/8""",,3'',,20'',UNC,,,,,JGO,$19.66
AIS11141242,,,AB. SEMICURVA,"7/8""",,3'',,21'',UNC,,,,,JGO,$20.32
AIS11141244,,,AB. SEMICURVA,"7/8""",,3'',,22'',UNC,,,,,JGO,$20.97
AIS11141336,,,AB. SEMICURVA,"7/8""",,3 1/4'',,18'',UNC,,,,,JGO,$18.75
AIS11141416,,,AB. SEMICURVA,"7/8""",,"3 1/2""",,8'',UNC,,,,,JGO,$11.98
AIS11141418,,,AB. SEMICURVA,"7/8""",,"3 1/2""",,9'',UNC,,,,,JGO,$12.29
AIS11141420,,,AB. SEMICURVA,"7/8""",,"3 1/2""",,10'',UNC,,,,,JGO,$12.95
AIS11141422,,,AB. SEMICURVA,"7/8""",,"3 1/2""",,11'',UNC,,,,,JGO,$13.67
AIS11141424,,,AB. SEMICURVA,"7/8""",,"3 1/2""",,12'',UNC,,,,,JGO,$14.50
AIS11141426,,,AB. SEMICURVA,"7/8""",,"3 1/2""",,13'',UNC,,,,,JGO,$15.19
AIS11141428,,,AB. SEMICURVA,"7/8""",,"3 1/2""",,14'',UNC,,,,,JGO,$15.92
AIS11141430,,,AB. SEMICURVA,"7/8""",,"3 1/2""",,15'',UNC,,,,,JGO,$16.65
AIS11141432,,,AB. SEMICURVA,"7/8""",,"3 1/2""",,16'',UNC,,,,,JGO,$17.37
AIS11141434,,,AB. SEMICURVA,"7/8""",,"3 1/2""",,17'',UNC,,,,,JGO,$18.10
AIS11161428,,,AB. SEMICURVA,1'',,"3 1/2""",,14'',UNC,,,,,JGO,$20.96
AIS11161430,,,AB. SEMICURVA,1'',,"3 1/2""",,15'',UNC,,,,,JGO,$21.75
AIS11161432,,,AB. SEMICURVA,1'',,"3 1/2""",,16'',UNC,,,,,JGO,$22.72
AIS11161434,,,AB. SEMICURVA,1'',,"3 1/2""",,17'',UNC,,,,,JGO,$23.68
AIS11161620,,,AB. SEMICURVA,1'',,"4""",,10'',UNC,,,,,JGO,$17.33
AIS11161622,,,AB. SEMICURVA,1'',,"4""",,11'',UNC,,,,,JGO,$18.30
AIS11161624,,,AB. SEMICURVA,1'',,"4""",,12'',UNC,,,,,JGO,$19.27
AIS11161626,,,AB. SEMICURVA,1'',,"4""",,13'',UNC,,,,,JGO,$20.24
AIS11161628,,,AB. SEMICURVA,1'',,"4""",,"14""",UNC,,,,,JGO,$21.21
AIS11161630,,,AB. SEMICURVA,1'',,"4""",,15'',UNC,,,,,JGO,$22.18
AIS11161632,,,AB. SEMICURVA,1'',,"4""",,16'',UNC,,,,,JGO,$23.15
AIS11161634,,,AB. SEMICURVA,1'',,"4""",,17'',UNC,,,,,JGO,$24.12
AIS11201632,,,AB. SEMICURVA,"1 1/4""",,"4""",,16'',UNC,,,,,JGO,$33.07
AIS11201634,,,AB. SEMICURVA,"1 1/4""",,"4""",,17'',UNC,,,,,JGO,$34.41
AIS11202036,,,AB. SEMICURVA,"1 1/4""",,5'',,18'',UNC,,,,,JGO,$35.79
AIS14181420,,,AB. SC APLANADA,M18,,"3 1/2""",,10'',RF,,,,,JGO,$7.40
PRECIO DE VENTA POR UNIDAD (INC. IGV),,,,,,,,,,,,,,,
ABRAZADERA DE MUELLE GR.8/CL. 10.9,,,,,,,,,
,,,,,,,,,
CÓDIGO,DESCRIPCIÓN,Ø,D,W,Th,"EMP.
(uds.)","CAJA
(uds.)",U. M.,P. V.
AIS14181424,AB. SC APLANADA,M18,"3 1/2""",12'',RF,,,JGO,$8.15
AIS14181426,AB. SC APLANADA,M18,"3 1/2""",13'',RF,,,JGO,$8.56
AIS16181118,AB. SEMICURVA,M18,"2 3/4""",9'',,,,JGO,$6.34
AIS16181120,AB. SEMICURVA,M18,"2 3/4""",10'',,,,JGO,$6.67
AIS16181124,AB. SEMICURVA,M18,"2 3/4""",12'',,,,JGO,$7.65
AIS16181126,AB. SEMICURVA,M18,"2 3/4""",13'',,,,JGO,$7.99
AIS16181128,AB. SEMICURVA,M18,"2 3/4""",14'',,,,JGO,$8.32
AIS16181130,AB. SEMICURVA,M18,"2 3/4""",15'',,,,JGO,$8.66
AIS16181132,AB. SEMICURVA,M18,"2 3/4""",16'',,,,JGO,$8.99
AIS16181234,AB. SEMICURVA,M18,"2 3/4""",17'',,,,JGO,$9.33
AIS16181236,AB. SEMICURVA,M18,"2 3/4""",18'',,,,JGO,$9.66
AIS16201212,AB. SEMICURVA,M20,3'',6'',RC,,,JGO,$6.25
AIS16201420,AB. SEMICURVA,M20,3 1/2'',10'',RC,,,JGO,$8.02
AIS16201422,AB. SEMICURVA,M20,3 1/2'',11'',RC,,,JGO,$8.43
AIS16201620,AB. SEMICURVA,M20,4'',10'',RC,,,JGO,$10.83
AIS16201622,AB. SEMICURVA,M20,4'',11'',RC,,,JGO,$11.45
AIS16201624,AB. SEMICURVA,M20,4'',12'',RC,,,JGO,$12.00
AIS16241430,AB. SEMICURVA,M24,3 1/2'',15'',RC,,,JGO,$15.67
AIS16241432,AB. SEMICURVA,M24,3 1/2'',16'',RC,,,JGO,$15.75
AIS16241434,AB. SEMICURVA,M24,3 1/2'',17'',RC,,,JGO,$15.84
AIS21121320,AB. SC APLANADA,3/4'',"3 1/4 """,10'',UNC,,,JGO,$7.59
AIS21161632,AB. SC APLANADA,1'',"4 """,16'',UNC,,,JGO,$17.04
AIS21161644,AB. SC APLANADA,1'',"4 """,22'',UNC,,,JGO,$21.10
AIS21201432,AB. SC APLANADA,1 1/4'',"3 1/2""",16'',UNC,,,JGO,$37.64
AIS21201434,AB. SC APLANADA,1 1/4'',"3 1/2""",17'',UNC,,,JGO,$38.41
AIS21201632,AB. SC APLANADA,1 1/4'',4'',16'',UNC,,,JGO,$33.43
AIS25181316,AB. SC APLANADA,M18,"3 1/4""",8'',RF,,,JGO,$8.00
AIS25181318,AB. SC APLANADA,M18,"3 1/4""",9'',RF,,,JGO,$8.47
AIS25181320,AB. SC APLANADA,M18,"3 1/4""",10'',RF,,,JGO,$8.91
AIS25181322,AB. SC APLANADA,M18,"3 1/4""",11'',RF,,,JGO,$9.38
AIS25181324,AB. SC APLANADA,M18,"3 1/4""",12'',RF,,,JGO,$9.85
AIS25181326,AB. SC APLANADA,M18,"3 1/4""",13'',RF,,,JGO,$10.29
AIS25181328,AB. SC APLANADA,M18,"3 1/4""",14'',RF,,,JGO,$10.76
AIS25181330,AB. SC APLANADA,M18,"3 1/4""",15'',RF,,,JGO,$11.20
AIS25181332,AB. SC APLANADA,M18,"3 1/4""",16'',RF,,,JGO,$11.74
AIS25181334,AB. SC APLANADA,M18,"3 1/4""",17'',RF,,,JGO,$12.25
AIS25181336,AB. SC APLANADA,M18,"3 1/4""",18'',RF,,,JGO,$12.79
AIS25181338,AB. SC APLANADA,M18,"3 1/4""",19'',RF,,,JGO,$13.30
PRECIO DE VENTA POR UNIDAD (INC. IGV),,,,,,,,,
ABRAZADERA DE MUELLE GR.8/CL. 10.9,,,,,,,,,
,,,,,,,,,
CÓDIGO,DESCRIPCIÓN,Ø,D,W,Th,"EMP.
(uds.)","CAJA
(uds.)",U. M.,P. V.
AIS25181340,AB. SC APLANADA,M18,"3 1/4""",20'',RF,,,JGO,$13.85
AIS25181342,AB. SC APLANADA,M18,"3 1/4""",21'',RF,,,JGO,$14.36
AIS25181344,AB. SC APLANADA,M18,"3 1/4""",22'',RF,,,JGO,$14.87
AIS25186318,AB. SC APLANADA M.BENZ,M18,81,"9""",RF,,,JGO,$7.40
AIS25186320,AB. SC APLANADA M.BENZ,M18,81,"10""",RF,,,JGO,$7.97
AIS25186322,AB. SC APLANADA M.BENZ,M18,81,"11""",RF,,,JGO,$8.58
AIS25186332,AB. SC APLANADA M.BENZ,M18,81,"16""",RF,,,JGO,$11.38
AIS25186334,AB. SC APLANADA M.BENZ,M18,81,"17""",RF,,,JGO,$12.08
AIS25186336,AB. SC APLANADA M.BENZ,M18,81,"18""",RF,,,JGO,$12.73
AIS25201320,AB. SC APLANADA,M20,"3 1/4""",10'',RF,,,JGO,$10.51
AIS25201332,AB. SC APLANADA,M20,"3 1/4""",16'',RF,,,JGO,$13.96
AIS25201334,AB. SC APLANADA,M20,"3 1/4""",17'',RF,,,JGO,$14.54
AIS26241432,AB. SC APLANADA,M24,"3 1/2""",16'',RC,,,JGO,$21.04
AIS26241434,AB. SC APLANADA,M24,"3 1/2""",17'',RC,,,JGO,$21.90
AIS26241436,AB. SC APLANADA,M24,"3 1/2""",18'',RC,,,JGO,$22.77
AIS26241438,AB. SC APLANADA,M24,"3 1/2""",19'',RC,,,JGO,$23.63
AIS26241440,AB. SC APLANADA,M24,"3 1/2""",20'',RC,,,JGO,$24.50
AIS26241442,AB. SC APLANADA,M24,"3 1/2""",21'',RC,,,JGO,$25.37
AIS26241444,AB. SC APLANADA,M24,"3 1/2""",22'',RC,,,JGO,$26.23
AIS26241446,AB. SC APLANADA,M24,"3 1/2""",23'',RC,,,JGO,$27.10
AIS26241628,AB. SC APLANADA,M24,4'',14'',RC,,,JGO,$19.52
AIS26241632,AB. SC APLANADA,M24,4'',16'',RC,,,JGO,$21.26
AIS26241642,AB. SC APLANADA,M24,4'',21'',RC,,,JGO,$25.59
AIS26241644,AB. SC APLANADA,M24,4'',22'',RC,,,JGO,$25.23
AIS26271430,AB. SC APLANADA,M27,"3 1/2""",15'',RC,,,JGO,$20.70
AIS26271432,AB. SC APLANADA,M27,"3 1/2""",16'',RC,,,JGO,$21.62
AIS26271434,AB. SC APLANADA,M27,"3 1/2""",17'',RC,,,JGO,$23.95
AIS26271444,AB. SC APLANADA,M27,"3 1/2""",22'',RC,,,JGO,$31.59
AIS26271632,AB. SC APLANADA,M27,"4""",16'',RC,,,JGO,$18.68
AIS26271634,AB. SC APLANADA,M27,"4""",17'',RC,,,JGO,$19.44
AIS26301444,AB. SC APLANADA,M30,"3 1/2""",22'',RC,,,JGO,$39.00
AIU10061012,AB. U,"3/8""","2 1/2""","6""",UNF,,,JGO,$2.99
AIU10061014,AB. U,"3/8""","2 1/2""","7""",UNF,,,JGO,$3.13
AIU10061016,AB. U,"3/8""","2 1/2""","8""",UNF,,,JGO,$2.65
AIU10071012,AB. U,"7/16""","2 1/2""","6""",UNF,,,JGO,$2.85
AIU10071014,AB. U,"7/16""","2 1/2""","7""",UNF,,,JGO,$3.00
AIU10071016,AB. U,"7/16""","2 1/2""","8""",UNF,,,JGO,$3.14
AIU10081014,AB. U,"1/2""","2 1/2""","7""",UNF,,,JGO,$3.38
PRECIO DE VENTA POR UNIDAD (INC. IGV),,,,,,,,,
ABRAZADERA DE MUELLE GR.8/CL. 10.9,,,,,,,,,
,,,,,,,,,
CÓDIGO,DESCRIPCIÓN,Ø,D,W,Th,"EMP.
(uds.)","CAJA
(uds.)",U. M.,P. V.
AIU10081114,AB. U,"1/2""","2 3/4""","7""",UNF,,,JGO,$3.41
AIU10081214,AB. U,"1/2""","3""","7""",UNF,,,JGO,$3.30
AIU10081216,AB. U,"1/2""","3""","8""",UNF,,,JGO,$3.50
AIU10091114,AB. U,"9/16""","2 3/4""","7""",UNF,,,JGO,$3.97
AIU10091116,AB. U,"9/16""","2 3/4""","8""",UNF,,,JGO,$4.21
AIU10091214,AB. U,"9/16""","3""","7""",UNF,,,JGO,$3.99
AIU10091216,AB. U,"9/16""","3""","8""",UNF,,,JGO,$4.22
AIU11101818,AB. U,"5/8""","4 1/2""",9'',UNC,,,JGO,$5.88
AIU11101820,AB. U,"5/8""","4 1/2""",10'',UNC,,,JGO,$6.17
AIU11101822,AB. U,"5/8""","4 1/2""",11'',UNC,,,JGO,$6.47
AIU11142232,AB. U,"7/8""","5 1/2""",16'',UNC,,,JGO,$16.12
AIU11161430,AB. U,"1""","3 1/2""","15""",UNC,,,JGO,$18.92
AIU11161432,AB. U,"1""","3 1/2""","16""",UNC,,,JGO,$19.78
AIU11161434,AB. U,"1""","3 1/2""","17""",UNC,,,JGO,$20.57
AIU11162026,AB. U,"1""","5""","13""",UNC,,,JGO,$17.83
AIU11162028,AB. U,"1""","5""","14""",UNC,,,JGO,$18.66
AIU11162030,AB. U,"1""","5""","15""",UNC,,,JGO,$19.51
AIU11162032,AB. U,"1""","5""","16""",UNC,,,JGO,$20.34
AIU16201212,AB. U,M20,"3""","6""",RC,,,JGO,$7.94
AIU16201214,AB. U,M20,3'',"7""",RC,,,JGO,$7.78
AIU16241416,AB. U,M24,"3 1/2""","9""",RC,,,JGO,$12.53
AIU16241420,AB. U,M24,"3 1/2""","10""",RC,,,JGO,$13.08
AIU16241422,AB. U,M24,"3 1/2""","11""",RC,,,JGO,$14.18
AIU16241424,AB. U,M24,"3 1/2""","12""",RC,,,JGO,$15.27
AIU16241432,AB. U,M24,"3 1/2""","16""",RC,,,JGO,$19.71
AIU16241442,AB. U,M24,"3 1/2""","21""",RC,,,JGO,$25.19
AIU16241620,AB. U,M24,"4""","10""",RC,,,JGO,$13.39
AIU16241622,AB. U,M24,"4""","11""",RC,,,JGO,$14.48
AIU16242532,AB. U,M24,"6 1/8""","16""",RC,,,JGO,$19.32
AIU21181430,AB. U APLANADA,"1 1/8""","3 1/2""","15""",UNC,,,JGO,$24.19
AIU21181432,AB. U APLANADA,"1 1/8""","3 1/2""","16""",UNC,,,JGO,$25.22
AIU21201432,AB. U APLANADA,"1 1/4""","3 1/2""","16""",UNC,,,JGO,$29.50
AIU21201434,AB. U APLANADA,"1 1/4""","3 1/2""","17""",UNC,,,JGO,$30.75
AIU26241428,AB. U APLANADA,M24,"3 1/2""","14""",RC,,,JGO,$16.33
AIU26241432,AB. U APLANADA,M24,"3 1/2""",16'',RC,,,JGO,$18.46
AIU26241434,AB. U APLANADA,M24,"3 1/2""","17""",RC,,,JGO,$19.22
AIU26241436,AB. U APLANADA,M24,"3 1/2""","18""",RC,,,JGO,$19.98
AIU26241438,AB. U APLANADA,M24,"3 1/2""",19'',RC,,,JGO,$20.74
PRECIO DE VENTA POR UNIDAD (INC. IGV),,,,,,,,,
ABRAZADERA DE MUELLE GR.8/CL. 10.9,,,,,,,,,
,,,,,,,,,
CÓDIGO,DESCRIPCIÓN,Ø,D,W,Th,"EMP.
(uds.)","CAJA
(uds.)",U. M.,P. V.
AIU26241440,AB. U APLANADA,M24,"3 1/2""","20""",RC,,,JGO,$21.50
AIU26241442,AB. U APLANADA,M24,"3 1/2""",21'',RC,,,JGO,$22.26
AIU26241444,AB. U APLANADA,M24,"3 1/2""","22""",RC,,,JGO,$23.02
AIU26241446,AB. U APLANADA,M24,"3 1/2""",23'',RC,,,JGO,$23.78
AIU26241628,AB. U APLANADA,M24,4'',14'',RC,,,JGO,$17.13
AIU26241632,AB. U APLANADA,M24,4'',16'',RC,,,JGO,$18.65
AIU26241642,AB. U APLANADA,M24,"4""","21""",RC,,,JGO,$22.46
AIU26241644,AB. U APLANADA,M24,"4""","22""",RC,,,JGO,$23.22
AIU26271424,AB. U APLANADA,M27,"3 1/2""","12""",RC,,,JGO,$15.20
AIU26271430,AB. U APLANADA,M27,"3 1/2""","15""",RC,,,JGO,$17.77
AIU26271432,AB. U APLANADA,M27,"3 1/2""","16""",RC,,,JGO,$21.53
AIU26271442,AB. U APLANADA,M27,"3 1/2""","21""",RC,,,JGO,$26.94
AIU26271446,AB. U APLANADA,M27,"3 1/2""","23""",RC,,,JGO,$28.09
AIU26271630,AB. U APLANADA,M27,"4""","15""",RC,,,JGO,$17.93
AIU26271636,AB. U APLANADA,M27,"4""","18""",RC,,,JGO,$22.72
AIU26301444,AB. U APLANADA,M30,"3 1/2""","22""",RC,,,JGO,$39.00
PRECIO DE VENTA POR UNIDAD (INC. IGV),,,,,,,,,
